{
    "version": "0.4",
    "title": "Contact",
    "type": "page",
    "metadata": {
        "template_type": "single-page",
        "include_in_zip": "1",
        "elementor_pro_required": "1",
        "wp_page_template": "elementor_header_footer"
    },
    "content": [
        {
            "id": "1030b19",
            "settings": {
                "height": "min-height",
                "custom_height": {
                    "unit": "vh",
                    "size": 40,
                    "sizes": []
                },
                "custom_height_tablet": {
                    "unit": "vw",
                    "size": "",
                    "sizes": []
                },
                "custom_height_mobile": {
                    "unit": "vw",
                    "size": "",
                    "sizes": []
                },
                "background_background": "classic",
                "background_image": {
                    "url": "https:\/\/yrkit.rometheme.pro\/inet\/wp-content\/uploads\/sites\/33\/2022\/09\/S1.jpg",
                    "id": 10,
                    "alt": "",
                    "source": "library"
                },
                "background_position": "center center",
                "background_size": "cover",
                "background_overlay_background": "classic",
                "__globals__": {
                    "background_overlay_color": "globals\/colors?id=eb6d8e9"
                },
                "_title": "Top Page Section",
                "padding": {
                    "unit": "em",
                    "top": "",
                    "right": "",
                    "bottom": "",
                    "left": "",
                    "isLinked": false
                },
                "padding_tablet": {
                    "unit": "em",
                    "top": "",
                    "right": "",
                    "bottom": "",
                    "left": "",
                    "isLinked": true
                },
                "padding_mobile": {
                    "unit": "em",
                    "top": "",
                    "right": "",
                    "bottom": "",
                    "left": "",
                    "isLinked": true
                }
            },
            "elements": [
                {
                    "id": "53c7f376",
                    "settings": {
                        "_column_size": 100,
                        "_inline_size": null,
                        "padding": {
                            "unit": "em",
                            "top": "1",
                            "right": "40",
                            "bottom": "1",
                            "left": "1",
                            "isLinked": false
                        },
                        "padding_tablet": {
                            "unit": "em",
                            "top": "1",
                            "right": "1",
                            "bottom": "1",
                            "left": "1",
                            "isLinked": true
                        },
                        "padding_mobile": {
                            "unit": "em",
                            "top": "",
                            "right": "",
                            "bottom": "",
                            "left": "",
                            "isLinked": true
                        },
                        "space_between_widgets": 5
                    },
                    "elements": [
                        {
                            "id": "6be9a59c",
                            "settings": {
                                "title": "Contact Us",
                                "__globals__": {
                                    "typography_typography": "",
                                    "title_color": "globals\/colors?id=4407811"
                                },
                                "typography_font_family": "Mulish",
                                "typography_font_size": {
                                    "unit": "rem",
                                    "size": 4,
                                    "sizes": []
                                },
                                "typography_font_size_tablet": {
                                    "unit": "em",
                                    "size": "",
                                    "sizes": []
                                },
                                "typography_font_size_mobile": {
                                    "unit": "em",
                                    "size": "",
                                    "sizes": []
                                },
                                "typography_font_weight": "900",
                                "typography_text_transform": "capitalize",
                                "typography_line_height": {
                                    "unit": "em",
                                    "size": 1.2,
                                    "sizes": []
                                },
                                "typography_word_spacing": {
                                    "unit": "em",
                                    "size": "",
                                    "sizes": []
                                }
                            },
                            "elements": [],
                            "isInner": false,
                            "widgetType": "heading",
                            "elType": "widget"
                        },
                        {
                            "id": "4144253d",
                            "settings": {
                                "__globals__": {
                                    "text_color": "globals\/colors?id=01ef3a6"
                                },
                                "editor": "<p><a href=\"#\">Home<\/a> \/ Contact Us<\/p>"
                            },
                            "elements": [],
                            "isInner": false,
                            "widgetType": "text-editor",
                            "elType": "widget"
                        }
                    ],
                    "isInner": false,
                    "elType": "column"
                }
            ],
            "isInner": false,
            "elType": "section"
        },
        {
            "id": "3b8d2f35",
            "settings": {
                "structure": "20",
                "padding": {
                    "unit": "em",
                    "top": "6",
                    "right": "1",
                    "bottom": "6",
                    "left": "1",
                    "isLinked": false
                },
                "padding_tablet": {
                    "unit": "em",
                    "top": "",
                    "right": "",
                    "bottom": "",
                    "left": "",
                    "isLinked": true
                },
                "padding_mobile": {
                    "unit": "em",
                    "top": "",
                    "right": "",
                    "bottom": "",
                    "left": "",
                    "isLinked": true
                },
                "_title": "Contact Section"
            },
            "elements": [
                {
                    "id": "1505cd7d",
                    "settings": {
                        "_column_size": 50,
                        "_inline_size": null,
                        "padding": {
                            "unit": "em",
                            "top": "1",
                            "right": "1",
                            "bottom": "1",
                            "left": "1",
                            "isLinked": true
                        },
                        "padding_tablet": {
                            "unit": "em",
                            "top": "",
                            "right": "",
                            "bottom": "",
                            "left": "",
                            "isLinked": true
                        },
                        "padding_mobile": {
                            "unit": "em",
                            "top": "",
                            "right": "",
                            "bottom": "",
                            "left": "",
                            "isLinked": true
                        },
                        "content_position": "top",
                        "_inline_size_tablet": 100
                    },
                    "elements": [
                        {
                            "id": "254b3037",
                            "settings": {
                                "icon_list": [
                                    {
                                        "text": "Get in Touch",
                                        "selected_icon": {
                                            "value": "fas fa-wifi",
                                            "library": "fa-solid"
                                        },
                                        "_id": "5f464dd"
                                    }
                                ],
                                "icon_align": "left",
                                "icon_size": {
                                    "unit": "px",
                                    "size": 24,
                                    "sizes": []
                                },
                                "text_indent": {
                                    "unit": "px",
                                    "size": 15,
                                    "sizes": []
                                },
                                "__globals__": {
                                    "icon_color": "globals\/colors?id=secondary",
                                    "text_color": "globals\/colors?id=secondary",
                                    "icon_typography_typography": "globals\/typography?id=4d8da36"
                                }
                            },
                            "elements": [],
                            "isInner": false,
                            "widgetType": "icon-list",
                            "elType": "widget"
                        },
                        {
                            "id": "177eebd2",
                            "settings": {
                                "title": "Drop Us a Line",
                                "header_size": "h3"
                            },
                            "elements": [],
                            "isInner": false,
                            "widgetType": "heading",
                            "elType": "widget"
                        },
                        {
                            "id": "2677cb83",
                            "settings": {
                                "editor": "<p>Lorem ipsum dolor sit amet, consectetur adipiscing elit, sed do eiusmod tempor incididunt ut labore et dolore magna aliqua. Ut enim ad minim veniam, quis nostrud exercitation ullamco laboris nisi ut aliquip ex ea commodo consequat.\u00a0<\/p>"
                            },
                            "elements": [],
                            "isInner": false,
                            "widgetType": "text-editor",
                            "elType": "widget"
                        },
                        {
                            "id": "74e94f38",
                            "settings": {
                                "selected_icon": {
                                    "value": "fas fa-envelope",
                                    "library": "fa-solid"
                                },
                                "view": "stacked",
                                "title_text": "hello.awesome@site.com",
                                "description_text": "Send Us Message",
                                "position": "left",
                                "title_size": "h4",
                                "icon_size": {
                                    "unit": "px",
                                    "size": 26,
                                    "sizes": []
                                },
                                "content_vertical_alignment": "middle",
                                "title_bottom_space": {
                                    "unit": "px",
                                    "size": 0,
                                    "sizes": []
                                },
                                "title_color": "#111111",
                                "__globals__": {
                                    "title_color": "globals\/colors?id=d1579c8",
                                    "title_typography_typography": "globals\/typography?id=66cf9be",
                                    "description_color": "",
                                    "primary_color": "globals\/colors?id=eb6d8e9",
                                    "hover_secondary_color": "globals\/colors?id=4407811"
                                },
                                "position_mobile": "left"
                            },
                            "elements": [],
                            "isInner": false,
                            "widgetType": "icon-box",
                            "elType": "widget"
                        },
                        {
                            "id": "b5c295c",
                            "settings": {
                                "selected_icon": {
                                    "value": "fas fa-phone-volume",
                                    "library": "fa-solid"
                                },
                                "view": "stacked",
                                "title_text": "+123-234-1234",
                                "description_text": "Call Us Today",
                                "position": "left",
                                "title_size": "h4",
                                "icon_size": {
                                    "unit": "px",
                                    "size": 26,
                                    "sizes": []
                                },
                                "content_vertical_alignment": "middle",
                                "title_bottom_space": {
                                    "unit": "px",
                                    "size": 0,
                                    "sizes": []
                                },
                                "title_color": "#111111",
                                "__globals__": {
                                    "title_color": "globals\/colors?id=d1579c8",
                                    "title_typography_typography": "globals\/typography?id=66cf9be",
                                    "description_color": "",
                                    "primary_color": "globals\/colors?id=eb6d8e9",
                                    "hover_secondary_color": "globals\/colors?id=4407811"
                                },
                                "position_mobile": "left"
                            },
                            "elements": [],
                            "isInner": false,
                            "widgetType": "icon-box",
                            "elType": "widget"
                        },
                        {
                            "id": "8d45538",
                            "settings": {
                                "selected_icon": {
                                    "value": "fas fa-map-marker-alt",
                                    "library": "fa-solid"
                                },
                                "view": "stacked",
                                "title_text": "99 Roving St., Big City, PKU 23456",
                                "description_text": "Visit Our Office",
                                "position": "left",
                                "title_size": "h4",
                                "icon_size": {
                                    "unit": "px",
                                    "size": 26,
                                    "sizes": []
                                },
                                "content_vertical_alignment": "middle",
                                "title_bottom_space": {
                                    "unit": "px",
                                    "size": 0,
                                    "sizes": []
                                },
                                "title_color": "#111111",
                                "__globals__": {
                                    "title_color": "globals\/colors?id=d1579c8",
                                    "title_typography_typography": "globals\/typography?id=66cf9be",
                                    "description_color": "",
                                    "primary_color": "globals\/colors?id=eb6d8e9",
                                    "hover_secondary_color": "globals\/colors?id=4407811"
                                },
                                "position_mobile": "left"
                            },
                            "elements": [],
                            "isInner": false,
                            "widgetType": "icon-box",
                            "elType": "widget"
                        }
                    ],
                    "isInner": false,
                    "elType": "column"
                },
                {
                    "id": "47a9471d",
                    "settings": {
                        "_column_size": 50,
                        "_inline_size": null,
                        "_inline_size_tablet": 100,
                        "padding_tablet": {
                            "unit": "em",
                            "top": "6",
                            "right": "1",
                            "bottom": "1",
                            "left": "1",
                            "isLinked": false
                        },
                        "padding_mobile": {
                            "unit": "em",
                            "top": "",
                            "right": "",
                            "bottom": "",
                            "left": "",
                            "isLinked": true
                        }
                    },
                    "elements": [
                        {
                            "id": "688be8f8",
                            "settings": {
                                "form_name": "Inet Form",
                                "form_fields": [
                                    {
                                        "custom_id": "name",
                                        "field_label": "Your Name",
                                        "placeholder": "Write Your Name...",
                                        "dynamic": {
                                            "active": true
                                        },
                                        "_id": "7c83d3e",
                                        "required": "true"
                                    },
                                    {
                                        "custom_id": "email",
                                        "field_type": "email",
                                        "required": "true",
                                        "field_label": "Your Email",
                                        "placeholder": "Write Your Email...",
                                        "_id": "0f983e0"
                                    },
                                    {
                                        "_id": "e90ca75",
                                        "field_label": "Your Subject",
                                        "placeholder": "Write Your Subject",
                                        "custom_id": "field_e90ca75"
                                    },
                                    {
                                        "custom_id": "message",
                                        "field_type": "textarea",
                                        "field_label": "Your Message",
                                        "placeholder": "How We Can Help?",
                                        "_id": "96be7bc",
                                        "rows": 7
                                    }
                                ],
                                "input_size": "md",
                                "mark_required": "yes",
                                "step_next_label": "Next",
                                "step_previous_label": "Previous",
                                "button_text": "Send Message",
                                "email_content": "[all-fields]",
                                "email_content_2": "[all-fields]",
                                "success_message": "The form was sent successfully.",
                                "error_message": "An error occurred.",
                                "required_field_message": "This field is required.",
                                "invalid_message": "There&#039;s something wrong. The form is invalid.",
                                "row_gap": {
                                    "unit": "px",
                                    "size": 20,
                                    "sizes": []
                                },
                                "label_spacing": {
                                    "unit": "px",
                                    "size": 10,
                                    "sizes": []
                                },
                                "label_color": "#454545",
                                "label_typography_typography": "custom",
                                "label_typography_font_family": "Gothic A1",
                                "label_typography_font_size": {
                                    "unit": "rem",
                                    "size": 1,
                                    "sizes": []
                                },
                                "label_typography_font_weight": "700",
                                "label_typography_text_transform": "capitalize",
                                "label_typography_line_height": {
                                    "unit": "em",
                                    "size": 1.2,
                                    "sizes": []
                                },
                                "label_typography_word_spacing": {
                                    "unit": "em",
                                    "size": "",
                                    "sizes": []
                                },
                                "html_typography_typography": "custom",
                                "html_typography_font_family": "Nunito Sans",
                                "html_typography_font_size": {
                                    "unit": "rem",
                                    "size": 1,
                                    "sizes": []
                                },
                                "html_typography_font_weight": "400",
                                "field_text_color": "#666666",
                                "field_typography_typography": "custom",
                                "field_typography_font_family": "Nunito Sans",
                                "field_typography_font_size": {
                                    "unit": "rem",
                                    "size": 1,
                                    "sizes": []
                                },
                                "field_typography_font_weight": "400",
                                "field_background_color": "",
                                "field_border_radius": {
                                    "unit": "px",
                                    "top": "15",
                                    "right": "15",
                                    "bottom": "15",
                                    "left": "15",
                                    "isLinked": true
                                },
                                "__globals__": {
                                    "label_color": "globals\/colors?id=d1579c8",
                                    "label_typography_typography": "globals\/typography?id=66cf9be",
                                    "html_typography_typography": "globals\/typography?id=text",
                                    "field_text_color": "globals\/colors?id=text",
                                    "field_typography_typography": "globals\/typography?id=text",
                                    "field_background_color": "",
                                    "field_border_color": "globals\/colors?id=01ef3a6"
                                }
                            },
                            "elements": [],
                            "isInner": false,
                            "widgetType": "form",
                            "elType": "widget"
                        }
                    ],
                    "isInner": false,
                    "elType": "column"
                }
            ],
            "isInner": false,
            "elType": "section"
        },
        {
            "id": "3be8458d",
            "settings": {
                "layout": "full_width",
                "gap": "no",
                "_title": "Map Section"
            },
            "elements": [
                {
                    "id": "7314788",
                    "settings": {
                        "_column_size": 100,
                        "_inline_size": null
                    },
                    "elements": [
                        {
                            "id": "514d1cdc",
                            "settings": {
                                "address": "London Eye, London, United Kingdom",
                                "zoom": {
                                    "unit": "px",
                                    "size": 13,
                                    "sizes": []
                                },
                                "height": {
                                    "unit": "px",
                                    "size": 450,
                                    "sizes": []
                                },
                                "css_filters_css_filter": "custom",
                                "css_filters_saturate": {
                                    "unit": "px",
                                    "size": 0,
                                    "sizes": []
                                }
                            },
                            "elements": [],
                            "isInner": false,
                            "widgetType": "google_maps",
                            "elType": "widget"
                        }
                    ],
                    "isInner": false,
                    "elType": "column"
                }
            ],
            "isInner": false,
            "elType": "section"
        },
        {
            "id": "4ae64785",
            "settings": {
                "height": "min-height",
                "custom_height": {
                    "unit": "vh",
                    "size": 20,
                    "sizes": []
                },
                "custom_height_tablet": {
                    "unit": "vh",
                    "size": "",
                    "sizes": []
                },
                "custom_height_mobile": {
                    "unit": "vh",
                    "size": "",
                    "sizes": []
                },
                "structure": "60",
                "background_background": "classic",
                "__globals__": {
                    "background_color": "globals\/colors?id=eb6d8e9"
                },
                "_title": "Awards Section"
            },
            "elements": [
                {
                    "id": "6e3fc833",
                    "settings": {
                        "_column_size": 16,
                        "_inline_size": null,
                        "padding": {
                            "unit": "em",
                            "top": "1",
                            "right": "1",
                            "bottom": "1",
                            "left": "1",
                            "isLinked": true
                        },
                        "padding_tablet": {
                            "unit": "em",
                            "top": "",
                            "right": "",
                            "bottom": "",
                            "left": "",
                            "isLinked": true
                        },
                        "padding_mobile": {
                            "unit": "em",
                            "top": "",
                            "right": "",
                            "bottom": "",
                            "left": "",
                            "isLinked": true
                        },
                        "_inline_size_tablet": 33
                    },
                    "elements": [
                        {
                            "id": "25c6c7b1",
                            "settings": {
                                "image": {
                                    "url": "https:\/\/yrkit.rometheme.pro\/inet\/wp-content\/uploads\/sites\/33\/2022\/09\/badge3.png",
                                    "id": 231,
                                    "alt": "",
                                    "source": "library"
                                }
                            },
                            "elements": [],
                            "isInner": false,
                            "widgetType": "image",
                            "elType": "widget"
                        }
                    ],
                    "isInner": false,
                    "elType": "column"
                },
                {
                    "id": "3cda6782",
                    "settings": {
                        "_column_size": 16,
                        "_inline_size": null,
                        "padding": {
                            "unit": "em",
                            "top": "1",
                            "right": "1",
                            "bottom": "1",
                            "left": "1",
                            "isLinked": true
                        },
                        "padding_tablet": {
                            "unit": "em",
                            "top": "",
                            "right": "",
                            "bottom": "",
                            "left": "",
                            "isLinked": true
                        },
                        "padding_mobile": {
                            "unit": "em",
                            "top": "",
                            "right": "",
                            "bottom": "",
                            "left": "",
                            "isLinked": true
                        },
                        "_inline_size_tablet": 33
                    },
                    "elements": [
                        {
                            "id": "5c249b11",
                            "settings": {
                                "image": {
                                    "url": "https:\/\/yrkit.rometheme.pro\/inet\/wp-content\/uploads\/sites\/33\/2022\/09\/badge2.png",
                                    "id": 230,
                                    "alt": "",
                                    "source": "library"
                                }
                            },
                            "elements": [],
                            "isInner": false,
                            "widgetType": "image",
                            "elType": "widget"
                        }
                    ],
                    "isInner": false,
                    "elType": "column"
                },
                {
                    "id": "58b1c50",
                    "settings": {
                        "_column_size": 16,
                        "_inline_size": null,
                        "padding": {
                            "unit": "em",
                            "top": "1",
                            "right": "1",
                            "bottom": "1",
                            "left": "1",
                            "isLinked": true
                        },
                        "padding_tablet": {
                            "unit": "em",
                            "top": "",
                            "right": "",
                            "bottom": "",
                            "left": "",
                            "isLinked": true
                        },
                        "padding_mobile": {
                            "unit": "em",
                            "top": "",
                            "right": "",
                            "bottom": "",
                            "left": "",
                            "isLinked": true
                        },
                        "_inline_size_tablet": 33
                    },
                    "elements": [
                        {
                            "id": "23a511e",
                            "settings": {
                                "image": {
                                    "url": "https:\/\/yrkit.rometheme.pro\/inet\/wp-content\/uploads\/sites\/33\/2022\/09\/badge1.png",
                                    "id": 229,
                                    "alt": "",
                                    "source": "library"
                                }
                            },
                            "elements": [],
                            "isInner": false,
                            "widgetType": "image",
                            "elType": "widget"
                        }
                    ],
                    "isInner": false,
                    "elType": "column"
                },
                {
                    "id": "4a597756",
                    "settings": {
                        "_column_size": 16,
                        "_inline_size": null,
                        "padding": {
                            "unit": "em",
                            "top": "1",
                            "right": "1",
                            "bottom": "1",
                            "left": "1",
                            "isLinked": true
                        },
                        "padding_tablet": {
                            "unit": "em",
                            "top": "",
                            "right": "",
                            "bottom": "",
                            "left": "",
                            "isLinked": true
                        },
                        "padding_mobile": {
                            "unit": "em",
                            "top": "",
                            "right": "",
                            "bottom": "",
                            "left": "",
                            "isLinked": true
                        },
                        "_inline_size_tablet": 33
                    },
                    "elements": [
                        {
                            "id": "55188d62",
                            "settings": {
                                "image": {
                                    "url": "https:\/\/yrkit.rometheme.pro\/inet\/wp-content\/uploads\/sites\/33\/2022\/09\/badge3.png",
                                    "id": 231,
                                    "alt": "",
                                    "source": "library"
                                }
                            },
                            "elements": [],
                            "isInner": false,
                            "widgetType": "image",
                            "elType": "widget"
                        }
                    ],
                    "isInner": false,
                    "elType": "column"
                },
                {
                    "id": "4a28b8b8",
                    "settings": {
                        "_column_size": 16,
                        "_inline_size": null,
                        "padding": {
                            "unit": "em",
                            "top": "1",
                            "right": "1",
                            "bottom": "1",
                            "left": "1",
                            "isLinked": true
                        },
                        "padding_tablet": {
                            "unit": "em",
                            "top": "",
                            "right": "",
                            "bottom": "",
                            "left": "",
                            "isLinked": true
                        },
                        "padding_mobile": {
                            "unit": "em",
                            "top": "",
                            "right": "",
                            "bottom": "",
                            "left": "",
                            "isLinked": true
                        },
                        "_inline_size_tablet": 33
                    },
                    "elements": [
                        {
                            "id": "356de327",
                            "settings": {
                                "image": {
                                    "url": "https:\/\/yrkit.rometheme.pro\/inet\/wp-content\/uploads\/sites\/33\/2022\/09\/badge2.png",
                                    "id": 230,
                                    "alt": "",
                                    "source": "library"
                                }
                            },
                            "elements": [],
                            "isInner": false,
                            "widgetType": "image",
                            "elType": "widget"
                        }
                    ],
                    "isInner": false,
                    "elType": "column"
                },
                {
                    "id": "675f5c7b",
                    "settings": {
                        "_column_size": 16,
                        "_inline_size": null,
                        "padding": {
                            "unit": "em",
                            "top": "1",
                            "right": "1",
                            "bottom": "1",
                            "left": "1",
                            "isLinked": true
                        },
                        "padding_tablet": {
                            "unit": "em",
                            "top": "",
                            "right": "",
                            "bottom": "",
                            "left": "",
                            "isLinked": true
                        },
                        "padding_mobile": {
                            "unit": "em",
                            "top": "",
                            "right": "",
                            "bottom": "",
                            "left": "",
                            "isLinked": true
                        },
                        "_inline_size_tablet": 33
                    },
                    "elements": [
                        {
                            "id": "ac8be1f",
                            "settings": {
                                "image": {
                                    "url": "https:\/\/yrkit.rometheme.pro\/inet\/wp-content\/uploads\/sites\/33\/2022\/09\/badge1.png",
                                    "id": 229,
                                    "alt": "",
                                    "source": "library"
                                }
                            },
                            "elements": [],
                            "isInner": false,
                            "widgetType": "image",
                            "elType": "widget"
                        }
                    ],
                    "isInner": false,
                    "elType": "column"
                }
            ],
            "isInner": false,
            "elType": "section"
        }
    ]
}