{
    "version": "0.4",
    "title": "Footer",
    "type": "footer",
    "metadata": {
        "template_type": "section-footer",
        "include_in_zip": "1",
        "elementor_pro_required": "1",
        "elementor_library_type": "footer",
        "elementor_pro_conditions": [
            "include\/general"
        ],
        "additional_template_information": [
            "This is a \"Footer\" template for Elementor Pro.",
            "This template will display on: Entire Site."
        ],
        "wp_page_template": "default"
    },
    "content": [
        {
            "id": "7cf7e75e",
            "settings": {
                "custom_height": {
                    "unit": "vh",
                    "size": 90,
                    "sizes": []
                },
                "custom_height_tablet": {
                    "unit": "vw",
                    "size": "",
                    "sizes": []
                },
                "custom_height_mobile": {
                    "unit": "vw",
                    "size": "",
                    "sizes": []
                },
                "background_background": "classic",
                "background_image": {
                    "url": "",
                    "id": "",
                    "alt": "",
                    "source": "library"
                },
                "background_position": "center center",
                "background_size": "cover",
                "__globals__": {
                    "background_overlay_color": "globals\/colors?id=eb6d8e9",
                    "background_color": "globals\/colors?id=eb6d8e9"
                },
                "_title": "Hero Image Slider Section",
                "padding": {
                    "unit": "em",
                    "top": "6",
                    "right": "1",
                    "bottom": "6",
                    "left": "1",
                    "isLinked": false
                },
                "padding_tablet": {
                    "unit": "em",
                    "top": "",
                    "right": "",
                    "bottom": "",
                    "left": "",
                    "isLinked": true
                },
                "padding_mobile": {
                    "unit": "em",
                    "top": "",
                    "right": "",
                    "bottom": "",
                    "left": "",
                    "isLinked": true
                },
                "structure": "40"
            },
            "elements": [
                {
                    "id": "49bf62c9",
                    "settings": {
                        "_column_size": 25,
                        "_inline_size": null,
                        "padding": {
                            "unit": "em",
                            "top": "1",
                            "right": "1",
                            "bottom": "1",
                            "left": "1",
                            "isLinked": false
                        },
                        "padding_tablet": {
                            "unit": "em",
                            "top": "1",
                            "right": "1",
                            "bottom": "1",
                            "left": "1",
                            "isLinked": true
                        },
                        "padding_mobile": {
                            "unit": "em",
                            "top": "",
                            "right": "",
                            "bottom": "",
                            "left": "",
                            "isLinked": true
                        },
                        "_inline_size_tablet": 50
                    },
                    "elements": [
                        {
                            "id": "6a31562d",
                            "settings": {
                                "__dynamic__": {
                                    "image": "[elementor-tag id=\"\" name=\"site-logo\" settings=\"%7B%7D\"]",
                                    "link": "[elementor-tag id=\"\" name=\"site-url\" settings=\"%7B%7D\"]"
                                },
                                "align": "left",
                                "space": {
                                    "unit": "%",
                                    "size": 70,
                                    "sizes": []
                                },
                                "css_filters_blur": {
                                    "unit": "px",
                                    "size": 10,
                                    "sizes": []
                                },
                                "css_filters_brightness": {
                                    "unit": "px",
                                    "size": 200,
                                    "sizes": []
                                },
                                "css_filters_saturate": {
                                    "unit": "px",
                                    "size": 0,
                                    "sizes": []
                                },
                                "css_filters_hue": {
                                    "unit": "px",
                                    "size": 2,
                                    "sizes": []
                                }
                            },
                            "elements": [],
                            "isInner": false,
                            "widgetType": "theme-site-logo",
                            "elType": "widget"
                        },
                        {
                            "id": "4cb5b0b1",
                            "settings": {
                                "__globals__": {
                                    "text_color": "globals\/colors?id=4407811"
                                }
                            },
                            "elements": [],
                            "isInner": false,
                            "widgetType": "text-editor",
                            "elType": "widget"
                        },
                        {
                            "id": "5769df48",
                            "settings": {
                                "social_icon_list": [
                                    {
                                        "social_icon": {
                                            "value": "fab fa-facebook",
                                            "library": "fa-brands"
                                        },
                                        "_id": "4db8438"
                                    },
                                    {
                                        "social_icon": {
                                            "value": "fab fa-twitter",
                                            "library": "fa-brands"
                                        },
                                        "_id": "451531d"
                                    },
                                    {
                                        "social_icon": {
                                            "value": "fab fa-youtube",
                                            "library": "fa-brands"
                                        },
                                        "_id": "43552c9"
                                    }
                                ],
                                "shape": "circle",
                                "icon_color": "custom",
                                "icon_size": {
                                    "unit": "px",
                                    "size": 16,
                                    "sizes": []
                                },
                                "hover_animation": "float",
                                "__globals__": {
                                    "icon_primary_color": "globals\/colors?id=primary",
                                    "icon_secondary_color": "globals\/colors?id=4407811",
                                    "hover_primary_color": "globals\/colors?id=eb6d8e9"
                                },
                                "align": "left"
                            },
                            "elements": [],
                            "isInner": false,
                            "widgetType": "social-icons",
                            "elType": "widget"
                        }
                    ],
                    "isInner": false,
                    "elType": "column"
                },
                {
                    "id": "5c906fea",
                    "settings": {
                        "_column_size": 25,
                        "_inline_size": null,
                        "padding": {
                            "unit": "em",
                            "top": "1",
                            "right": "1",
                            "bottom": "1",
                            "left": "1",
                            "isLinked": true
                        },
                        "padding_tablet": {
                            "unit": "em",
                            "top": "",
                            "right": "",
                            "bottom": "",
                            "left": "",
                            "isLinked": true
                        },
                        "padding_mobile": {
                            "unit": "em",
                            "top": "6",
                            "right": "1",
                            "bottom": "1",
                            "left": "1",
                            "isLinked": false
                        },
                        "content_position": "top",
                        "_inline_size_tablet": 50
                    },
                    "elements": [
                        {
                            "id": "11d97e82",
                            "settings": {
                                "title": "Contact Us",
                                "header_size": "h6",
                                "__globals__": {
                                    "title_color": "globals\/colors?id=4407811"
                                }
                            },
                            "elements": [],
                            "isInner": false,
                            "widgetType": "heading",
                            "elType": "widget"
                        },
                        {
                            "id": "44dffe1a",
                            "settings": {
                                "selected_icon": {
                                    "value": "fas fa-envelope",
                                    "library": "fa-solid"
                                },
                                "view": "stacked",
                                "title_text": "hello.awesome@site.com",
                                "description_text": "Send Us Message",
                                "position": "left",
                                "title_size": "h4",
                                "icon_size": {
                                    "unit": "px",
                                    "size": 26,
                                    "sizes": []
                                },
                                "content_vertical_alignment": "middle",
                                "title_bottom_space": {
                                    "unit": "px",
                                    "size": 0,
                                    "sizes": []
                                },
                                "title_color": "#111111",
                                "__globals__": {
                                    "title_color": "globals\/colors?id=4407811",
                                    "title_typography_typography": "globals\/typography?id=66cf9be",
                                    "description_color": "globals\/colors?id=4407811",
                                    "primary_color": "globals\/colors?id=primary",
                                    "hover_secondary_color": "globals\/colors?id=4407811"
                                },
                                "position_mobile": "left"
                            },
                            "elements": [],
                            "isInner": false,
                            "widgetType": "icon-box",
                            "elType": "widget"
                        },
                        {
                            "id": "600f8ef",
                            "settings": {
                                "selected_icon": {
                                    "value": "fas fa-phone-volume",
                                    "library": "fa-solid"
                                },
                                "view": "stacked",
                                "title_text": "+123-234-1234",
                                "description_text": "Call Us Today",
                                "position": "left",
                                "title_size": "h4",
                                "icon_size": {
                                    "unit": "px",
                                    "size": 26,
                                    "sizes": []
                                },
                                "content_vertical_alignment": "middle",
                                "title_bottom_space": {
                                    "unit": "px",
                                    "size": 0,
                                    "sizes": []
                                },
                                "title_color": "#111111",
                                "__globals__": {
                                    "title_color": "globals\/colors?id=4407811",
                                    "title_typography_typography": "globals\/typography?id=66cf9be",
                                    "description_color": "globals\/colors?id=4407811",
                                    "primary_color": "globals\/colors?id=primary",
                                    "hover_secondary_color": "globals\/colors?id=4407811"
                                },
                                "position_mobile": "left"
                            },
                            "elements": [],
                            "isInner": false,
                            "widgetType": "icon-box",
                            "elType": "widget"
                        },
                        {
                            "id": "389689a9",
                            "settings": {
                                "selected_icon": {
                                    "value": "fas fa-map-marker-alt",
                                    "library": "fa-solid"
                                },
                                "view": "stacked",
                                "title_text": "99 Roving St., Big City, PKU 23456",
                                "description_text": "Visit Our Office",
                                "position": "left",
                                "title_size": "h4",
                                "icon_size": {
                                    "unit": "px",
                                    "size": 26,
                                    "sizes": []
                                },
                                "content_vertical_alignment": "middle",
                                "title_bottom_space": {
                                    "unit": "px",
                                    "size": 0,
                                    "sizes": []
                                },
                                "title_color": "#111111",
                                "__globals__": {
                                    "title_color": "globals\/colors?id=4407811",
                                    "title_typography_typography": "globals\/typography?id=66cf9be",
                                    "description_color": "globals\/colors?id=4407811",
                                    "primary_color": "globals\/colors?id=primary",
                                    "hover_secondary_color": "globals\/colors?id=4407811"
                                },
                                "position_mobile": "left"
                            },
                            "elements": [],
                            "isInner": false,
                            "widgetType": "icon-box",
                            "elType": "widget"
                        }
                    ],
                    "isInner": false,
                    "elType": "column"
                },
                {
                    "id": "ea176df",
                    "settings": {
                        "_column_size": 25,
                        "_inline_size": null,
                        "padding": {
                            "unit": "em",
                            "top": "1",
                            "right": "1",
                            "bottom": "1",
                            "left": "1",
                            "isLinked": true
                        },
                        "padding_tablet": {
                            "unit": "em",
                            "top": "6",
                            "right": "1",
                            "bottom": "1",
                            "left": "1",
                            "isLinked": false
                        },
                        "padding_mobile": {
                            "unit": "em",
                            "top": "",
                            "right": "",
                            "bottom": "",
                            "left": "",
                            "isLinked": true
                        },
                        "content_position": "top",
                        "_inline_size_tablet": 50
                    },
                    "elements": [
                        {
                            "id": "241b9c37",
                            "settings": {
                                "title": "Quick links",
                                "header_size": "h6",
                                "__globals__": {
                                    "title_color": "globals\/colors?id=4407811"
                                }
                            },
                            "elements": [],
                            "isInner": false,
                            "widgetType": "heading",
                            "elType": "widget"
                        },
                        {
                            "id": "7df191a1",
                            "settings": {
                                "icon_list": [
                                    {
                                        "text": "About Us",
                                        "_id": "0d71d32",
                                        "selected_icon": {
                                            "value": "fas fa-check-circle",
                                            "library": "fa-solid"
                                        }
                                    },
                                    {
                                        "text": "Our Services",
                                        "selected_icon": {
                                            "value": "fas fa-check-circle",
                                            "library": "fa-solid"
                                        },
                                        "_id": "c2d0d99"
                                    },
                                    {
                                        "text": "Why choose us",
                                        "selected_icon": {
                                            "value": "fas fa-check-circle",
                                            "library": "fa-solid"
                                        },
                                        "_id": "badf84c"
                                    },
                                    {
                                        "text": "Our Pricing",
                                        "selected_icon": {
                                            "value": "fas fa-check-circle",
                                            "library": "fa-solid"
                                        },
                                        "_id": "367ddda"
                                    },
                                    {
                                        "text": "Need Help",
                                        "selected_icon": {
                                            "value": "fas fa-check-circle",
                                            "library": "fa-solid"
                                        },
                                        "_id": "923fdef"
                                    }
                                ],
                                "space_between": {
                                    "unit": "px",
                                    "size": 20,
                                    "sizes": []
                                },
                                "__globals__": {
                                    "text_color": "globals\/colors?id=4407811",
                                    "icon_typography_typography": "globals\/typography?id=66cf9be",
                                    "icon_color": "globals\/colors?id=primary"
                                },
                                "icon_size": {
                                    "unit": "px",
                                    "size": 20,
                                    "sizes": []
                                },
                                "icon_align": "left"
                            },
                            "elements": [],
                            "isInner": false,
                            "widgetType": "icon-list",
                            "elType": "widget"
                        }
                    ],
                    "isInner": false,
                    "elType": "column"
                },
                {
                    "id": "64f25aa1",
                    "settings": {
                        "_column_size": 25,
                        "_inline_size": null,
                        "padding": {
                            "unit": "em",
                            "top": "1",
                            "right": "1",
                            "bottom": "1",
                            "left": "1",
                            "isLinked": true
                        },
                        "padding_tablet": {
                            "unit": "em",
                            "top": "6",
                            "right": "1",
                            "bottom": "1",
                            "left": "1",
                            "isLinked": false
                        },
                        "padding_mobile": {
                            "unit": "em",
                            "top": "",
                            "right": "",
                            "bottom": "",
                            "left": "",
                            "isLinked": true
                        },
                        "content_position": "top",
                        "_inline_size_tablet": 50
                    },
                    "elements": [
                        {
                            "id": "149310dc",
                            "settings": {
                                "title": "Our Services",
                                "header_size": "h6",
                                "__globals__": {
                                    "title_color": "globals\/colors?id=4407811"
                                }
                            },
                            "elements": [],
                            "isInner": false,
                            "widgetType": "heading",
                            "elType": "widget"
                        },
                        {
                            "id": "6f5dcfd1",
                            "settings": {
                                "icon_list": [
                                    {
                                        "text": "Internet",
                                        "_id": "0d71d32",
                                        "selected_icon": {
                                            "value": "fas fa-check-circle",
                                            "library": "fa-solid"
                                        }
                                    },
                                    {
                                        "text": "Tv & Streaming",
                                        "selected_icon": {
                                            "value": "fas fa-check-circle",
                                            "library": "fa-solid"
                                        },
                                        "_id": "4832c48"
                                    },
                                    {
                                        "text": "Broadband",
                                        "selected_icon": {
                                            "value": "fas fa-check-circle",
                                            "library": "fa-solid"
                                        },
                                        "_id": "4455fe7"
                                    }
                                ],
                                "space_between": {
                                    "unit": "px",
                                    "size": 20,
                                    "sizes": []
                                },
                                "__globals__": {
                                    "text_color": "globals\/colors?id=4407811",
                                    "icon_typography_typography": "globals\/typography?id=66cf9be",
                                    "icon_color": "globals\/colors?id=primary"
                                },
                                "icon_size": {
                                    "unit": "px",
                                    "size": 20,
                                    "sizes": []
                                },
                                "icon_align": "left"
                            },
                            "elements": [],
                            "isInner": false,
                            "widgetType": "icon-list",
                            "elType": "widget"
                        }
                    ],
                    "isInner": false,
                    "elType": "column"
                }
            ],
            "isInner": false,
            "elType": "section"
        },
        {
            "id": "3ae30314",
            "settings": {
                "background_background": "classic",
                "padding": {
                    "unit": "em",
                    "top": "1",
                    "right": "1",
                    "bottom": "1",
                    "left": "1",
                    "isLinked": true
                },
                "padding_tablet": {
                    "unit": "em",
                    "top": "",
                    "right": "",
                    "bottom": "",
                    "left": "",
                    "isLinked": true
                },
                "padding_mobile": {
                    "unit": "em",
                    "top": "",
                    "right": "",
                    "bottom": "",
                    "left": "",
                    "isLinked": true
                },
                "__globals__": {
                    "background_color": "globals\/colors?id=primary"
                }
            },
            "elements": [
                {
                    "id": "19a5b482",
                    "settings": {
                        "_column_size": 100,
                        "_inline_size": null
                    },
                    "elements": [
                        {
                            "id": "5d88839d",
                            "settings": {
                                "title": "\u00a9 2022 Inet Company. by Rometheme Studio. All rights reserved.",
                                "header_size": "p",
                                "align": "center",
                                "__globals__": {
                                    "title_color": "globals\/colors?id=4407811",
                                    "typography_typography": "globals\/typography?id=text"
                                }
                            },
                            "elements": [],
                            "isInner": false,
                            "widgetType": "heading",
                            "elType": "widget"
                        }
                    ],
                    "isInner": false,
                    "elType": "column"
                }
            ],
            "isInner": false,
            "elType": "section"
        }
    ]
}