{
    "version": "0.4",
    "title": "Header",
    "type": "header",
    "metadata": {
        "template_type": "section-header",
        "include_in_zip": "1",
        "elementor_pro_required": "1",
        "elementor_library_type": "header",
        "elementor_pro_conditions": [
            "include\/general"
        ],
        "additional_template_information": [
            "This is a \"Header\" template for Elementor Pro.",
            "This template will display on: Entire Site."
        ],
        "wp_page_template": "default"
    },
    "content": [
        {
            "id": "12629cef",
            "settings": {
                "structure": "20",
                "background_background": "classic",
                "__globals__": {
                    "background_color": "globals\/colors?id=eb6d8e9"
                }
            },
            "elements": [
                {
                    "id": "45d37cac",
                    "settings": {
                        "_column_size": 50,
                        "_inline_size": 79.998,
                        "content_position": "center",
                        "_inline_size_tablet": 100,
                        "padding": {
                            "unit": "em",
                            "top": "1",
                            "right": "1",
                            "bottom": "1",
                            "left": "1",
                            "isLinked": true
                        },
                        "padding_tablet": {
                            "unit": "em",
                            "top": "",
                            "right": "",
                            "bottom": "",
                            "left": "",
                            "isLinked": true
                        },
                        "padding_mobile": {
                            "unit": "em",
                            "top": "",
                            "right": "",
                            "bottom": "",
                            "left": "",
                            "isLinked": true
                        }
                    },
                    "elements": [
                        {
                            "id": "7a15b07",
                            "settings": {
                                "icon_list": [
                                    {
                                        "text": "99 Roving St., Big City, PKU 23456",
                                        "_id": "0d71d32",
                                        "selected_icon": {
                                            "value": "fas fa-map-marker-alt",
                                            "library": "fa-solid"
                                        }
                                    },
                                    {
                                        "text": "hello.awesome@site.com",
                                        "selected_icon": {
                                            "value": "fas fa-envelope",
                                            "library": "fa-solid"
                                        },
                                        "_id": "4832c48"
                                    },
                                    {
                                        "text": "+123-456-7890",
                                        "selected_icon": {
                                            "value": "fas fa-phone-alt",
                                            "library": "fa-solid"
                                        },
                                        "_id": "4455fe7"
                                    }
                                ],
                                "space_between": {
                                    "unit": "px",
                                    "size": 50,
                                    "sizes": []
                                },
                                "__globals__": {
                                    "text_color": "globals\/colors?id=4407811",
                                    "icon_typography_typography": "globals\/typography?id=text",
                                    "icon_color": "globals\/colors?id=primary"
                                },
                                "icon_size": {
                                    "unit": "px",
                                    "size": 20,
                                    "sizes": []
                                },
                                "icon_align": "left",
                                "view": "inline",
                                "icon_align_tablet": "center"
                            },
                            "elements": [],
                            "isInner": false,
                            "widgetType": "icon-list",
                            "elType": "widget"
                        }
                    ],
                    "isInner": false,
                    "elType": "column"
                },
                {
                    "id": "3cbf3b1",
                    "settings": {
                        "_column_size": 50,
                        "_inline_size": 19.965,
                        "content_position": "center",
                        "_inline_size_tablet": 100,
                        "padding": {
                            "unit": "em",
                            "top": "1",
                            "right": "1",
                            "bottom": "1",
                            "left": "1",
                            "isLinked": true
                        },
                        "padding_tablet": {
                            "unit": "em",
                            "top": "",
                            "right": "",
                            "bottom": "",
                            "left": "",
                            "isLinked": true
                        },
                        "padding_mobile": {
                            "unit": "em",
                            "top": "",
                            "right": "",
                            "bottom": "",
                            "left": "",
                            "isLinked": true
                        }
                    },
                    "elements": [
                        {
                            "id": "7a9a6e06",
                            "settings": {
                                "social_icon_list": [
                                    {
                                        "social_icon": {
                                            "value": "fab fa-facebook",
                                            "library": "fa-brands"
                                        },
                                        "_id": "4db8438"
                                    },
                                    {
                                        "social_icon": {
                                            "value": "fab fa-twitter",
                                            "library": "fa-brands"
                                        },
                                        "_id": "451531d"
                                    },
                                    {
                                        "social_icon": {
                                            "value": "fab fa-instagram",
                                            "library": "fa-brands"
                                        },
                                        "_id": "f2005d2"
                                    },
                                    {
                                        "social_icon": {
                                            "value": "fab fa-youtube",
                                            "library": "fa-brands"
                                        },
                                        "_id": "43552c9"
                                    }
                                ],
                                "shape": "circle",
                                "icon_color": "custom",
                                "icon_size": {
                                    "unit": "px",
                                    "size": 16,
                                    "sizes": []
                                },
                                "hover_animation": "float",
                                "__globals__": {
                                    "icon_primary_color": "globals\/colors?id=primary",
                                    "icon_secondary_color": "globals\/colors?id=4407811",
                                    "hover_primary_color": "globals\/colors?id=eb6d8e9"
                                },
                                "align": "right",
                                "icon_spacing": {
                                    "unit": "px",
                                    "size": 15,
                                    "sizes": []
                                },
                                "align_tablet": "center"
                            },
                            "elements": [],
                            "isInner": false,
                            "widgetType": "social-icons",
                            "elType": "widget"
                        }
                    ],
                    "isInner": false,
                    "elType": "column"
                }
            ],
            "isInner": false,
            "elType": "section"
        },
        {
            "id": "140dd1d8",
            "settings": {
                "structure": "30",
                "background_background": "classic",
                "__globals__": {
                    "background_color": "globals\/colors?id=4407811"
                }
            },
            "elements": [
                {
                    "id": "7c43579c",
                    "settings": {
                        "_column_size": 33,
                        "_inline_size": 20.049,
                        "content_position": "center",
                        "padding": {
                            "unit": "em",
                            "top": "1",
                            "right": "1",
                            "bottom": "1",
                            "left": "1",
                            "isLinked": true
                        },
                        "padding_tablet": {
                            "unit": "em",
                            "top": "",
                            "right": "",
                            "bottom": "",
                            "left": "",
                            "isLinked": true
                        },
                        "padding_mobile": {
                            "unit": "em",
                            "top": "",
                            "right": "",
                            "bottom": "",
                            "left": "",
                            "isLinked": true
                        },
                        "_inline_size_tablet": 30,
                        "_inline_size_mobile": 70
                    },
                    "elements": [
                        {
                            "id": "47e2066e",
                            "settings": {
                                "__dynamic__": {
                                    "image": "[elementor-tag id=\"\" name=\"site-logo\" settings=\"%7B%7D\"]",
                                    "link": "[elementor-tag id=\"\" name=\"site-url\" settings=\"%7B%7D\"]"
                                },
                                "align": "left",
                                "space": {
                                    "unit": "%",
                                    "size": 70,
                                    "sizes": []
                                },
                                "css_filters_saturate": {
                                    "unit": "px",
                                    "size": 200,
                                    "sizes": []
                                }
                            },
                            "elements": [],
                            "isInner": false,
                            "widgetType": "theme-site-logo",
                            "elType": "widget"
                        }
                    ],
                    "isInner": false,
                    "elType": "column"
                },
                {
                    "id": "b1a5146",
                    "settings": {
                        "_column_size": 33,
                        "_inline_size": 59.617,
                        "content_position": "center",
                        "_inline_size_tablet": 35,
                        "_inline_size_mobile": 30,
                        "padding": {
                            "unit": "em",
                            "top": "1",
                            "right": "1",
                            "bottom": "1",
                            "left": "1",
                            "isLinked": true
                        },
                        "padding_tablet": {
                            "unit": "em",
                            "top": "",
                            "right": "",
                            "bottom": "",
                            "left": "",
                            "isLinked": true
                        },
                        "padding_mobile": {
                            "unit": "em",
                            "top": "",
                            "right": "",
                            "bottom": "",
                            "left": "",
                            "isLinked": true
                        }
                    },
                    "elements": [
                        {
                            "id": "60cefa5c",
                            "settings": {
                                "align_items": "right",
                                "pointer": "none",
                                "full_width": "stretch",
                                "padding_vertical_dropdown_item_tablet": {
                                    "unit": "px",
                                    "size": 15,
                                    "sizes": []
                                },
                                "__globals__": {
                                    "menu_typography_typography": "globals\/typography?id=66cf9be",
                                    "color_menu_item": "globals\/colors?id=d1579c8",
                                    "color_menu_item_hover": "globals\/colors?id=primary",
                                    "background_color_dropdown_item": "globals\/colors?id=d2ca227",
                                    "background_color_dropdown_item_hover": "globals\/colors?id=primary",
                                    "background_color_dropdown_item_active": "globals\/colors?id=primary",
                                    "toggle_background_color": "globals\/colors?id=4407811"
                                }
                            },
                            "elements": [],
                            "isInner": false,
                            "widgetType": "nav-menu",
                            "elType": "widget"
                        }
                    ],
                    "isInner": false,
                    "elType": "column"
                },
                {
                    "id": "10b3a566",
                    "settings": {
                        "_column_size": 33,
                        "_inline_size": 20,
                        "_inline_size_tablet": 35,
                        "content_position": "center",
                        "padding": {
                            "unit": "em",
                            "top": "1",
                            "right": "1",
                            "bottom": "1",
                            "left": "1",
                            "isLinked": true
                        },
                        "padding_tablet": {
                            "unit": "em",
                            "top": "",
                            "right": "",
                            "bottom": "",
                            "left": "",
                            "isLinked": true
                        },
                        "padding_mobile": {
                            "unit": "em",
                            "top": "",
                            "right": "",
                            "bottom": "",
                            "left": "",
                            "isLinked": true
                        },
                        "hide_mobile": "hidden-mobile"
                    },
                    "elements": [
                        {
                            "id": "23e96a4",
                            "settings": {
                                "selected_icon": {
                                    "value": "fas fa-phone-volume",
                                    "library": "fa-solid"
                                },
                                "view": "stacked",
                                "title_text": "+123-234-1234",
                                "description_text": "Call Us Today",
                                "position": "left",
                                "title_size": "h4",
                                "icon_size": {
                                    "unit": "px",
                                    "size": 26,
                                    "sizes": []
                                },
                                "content_vertical_alignment": "middle",
                                "title_bottom_space": {
                                    "unit": "px",
                                    "size": 0,
                                    "sizes": []
                                },
                                "title_color": "#111111",
                                "__globals__": {
                                    "title_color": "globals\/colors?id=d1579c8",
                                    "title_typography_typography": "globals\/typography?id=66cf9be",
                                    "description_color": "",
                                    "primary_color": "globals\/colors?id=eb6d8e9",
                                    "hover_secondary_color": "globals\/colors?id=4407811"
                                },
                                "position_mobile": "left"
                            },
                            "elements": [],
                            "isInner": false,
                            "widgetType": "icon-box",
                            "elType": "widget"
                        }
                    ],
                    "isInner": false,
                    "elType": "column"
                }
            ],
            "isInner": false,
            "elType": "section"
        }
    ]
}