{
    "version": "0.4",
    "title": "Pricing Plan",
    "type": "page",
    "metadata": {
        "template_type": "single-page",
        "include_in_zip": "1",
        "elementor_pro_required": null,
        "wp_page_template": "elementor_header_footer"
    },
    "content": [
        {
            "id": "31e7b096",
            "settings": {
                "height": "min-height",
                "custom_height": {
                    "unit": "vh",
                    "size": 40,
                    "sizes": []
                },
                "custom_height_tablet": {
                    "unit": "vw",
                    "size": "",
                    "sizes": []
                },
                "custom_height_mobile": {
                    "unit": "vw",
                    "size": "",
                    "sizes": []
                },
                "background_background": "classic",
                "background_image": {
                    "url": "https:\/\/yrkit.rometheme.pro\/inet\/wp-content\/uploads\/sites\/33\/2022\/09\/S1.jpg",
                    "id": 10,
                    "alt": "",
                    "source": "library"
                },
                "background_position": "center center",
                "background_size": "cover",
                "background_overlay_background": "classic",
                "__globals__": {
                    "background_overlay_color": "globals\/colors?id=eb6d8e9"
                },
                "_title": "Top Page Section",
                "padding": {
                    "unit": "em",
                    "top": "",
                    "right": "",
                    "bottom": "",
                    "left": "",
                    "isLinked": false
                },
                "padding_tablet": {
                    "unit": "em",
                    "top": "",
                    "right": "",
                    "bottom": "",
                    "left": "",
                    "isLinked": true
                },
                "padding_mobile": {
                    "unit": "em",
                    "top": "",
                    "right": "",
                    "bottom": "",
                    "left": "",
                    "isLinked": true
                }
            },
            "elements": [
                {
                    "id": "7af5bc72",
                    "settings": {
                        "_column_size": 100,
                        "_inline_size": null,
                        "padding": {
                            "unit": "em",
                            "top": "1",
                            "right": "40",
                            "bottom": "1",
                            "left": "1",
                            "isLinked": false
                        },
                        "padding_tablet": {
                            "unit": "em",
                            "top": "1",
                            "right": "1",
                            "bottom": "1",
                            "left": "1",
                            "isLinked": true
                        },
                        "padding_mobile": {
                            "unit": "em",
                            "top": "",
                            "right": "",
                            "bottom": "",
                            "left": "",
                            "isLinked": true
                        },
                        "space_between_widgets": 5
                    },
                    "elements": [
                        {
                            "id": "55bc43f8",
                            "settings": {
                                "title": "Pricing Plan",
                                "__globals__": {
                                    "typography_typography": "",
                                    "title_color": "globals\/colors?id=4407811"
                                },
                                "typography_font_family": "Mulish",
                                "typography_font_size": {
                                    "unit": "rem",
                                    "size": 4,
                                    "sizes": []
                                },
                                "typography_font_size_tablet": {
                                    "unit": "em",
                                    "size": "",
                                    "sizes": []
                                },
                                "typography_font_size_mobile": {
                                    "unit": "em",
                                    "size": "",
                                    "sizes": []
                                },
                                "typography_font_weight": "900",
                                "typography_text_transform": "capitalize",
                                "typography_line_height": {
                                    "unit": "em",
                                    "size": 1.2,
                                    "sizes": []
                                },
                                "typography_word_spacing": {
                                    "unit": "em",
                                    "size": "",
                                    "sizes": []
                                }
                            },
                            "elements": [],
                            "isInner": false,
                            "widgetType": "heading",
                            "elType": "widget"
                        },
                        {
                            "id": "17136a99",
                            "settings": {
                                "__globals__": {
                                    "text_color": "globals\/colors?id=01ef3a6"
                                },
                                "editor": "<p><a href=\"#\">Home<\/a> \/ Pricing Plan<\/p>"
                            },
                            "elements": [],
                            "isInner": false,
                            "widgetType": "text-editor",
                            "elType": "widget"
                        }
                    ],
                    "isInner": false,
                    "elType": "column"
                }
            ],
            "isInner": false,
            "elType": "section"
        },
        {
            "id": "36031a89",
            "settings": {
                "padding": {
                    "unit": "em",
                    "top": "6",
                    "right": "1",
                    "bottom": "6",
                    "left": "1",
                    "isLinked": false
                },
                "padding_tablet": {
                    "unit": "em",
                    "top": "",
                    "right": "",
                    "bottom": "",
                    "left": "",
                    "isLinked": true
                },
                "padding_mobile": {
                    "unit": "em",
                    "top": "",
                    "right": "",
                    "bottom": "",
                    "left": "",
                    "isLinked": true
                },
                "_title": "Pricing Plan Section"
            },
            "elements": [
                {
                    "id": "50ee013e",
                    "settings": {
                        "_column_size": 100,
                        "_inline_size": null,
                        "padding": {
                            "unit": "em",
                            "top": "1",
                            "right": "1",
                            "bottom": "1",
                            "left": "1",
                            "isLinked": true
                        },
                        "padding_tablet": {
                            "unit": "em",
                            "top": "",
                            "right": "",
                            "bottom": "",
                            "left": "",
                            "isLinked": true
                        },
                        "padding_mobile": {
                            "unit": "em",
                            "top": "0",
                            "right": "0",
                            "bottom": "0",
                            "left": "0",
                            "isLinked": true
                        }
                    },
                    "elements": [
                        {
                            "id": "53312f80",
                            "settings": {
                                "icon_list": [
                                    {
                                        "text": "Pricing Plan",
                                        "selected_icon": {
                                            "value": "fas fa-wifi",
                                            "library": "fa-solid"
                                        },
                                        "_id": "5f464dd"
                                    }
                                ],
                                "icon_align": "center",
                                "icon_size": {
                                    "unit": "px",
                                    "size": 24,
                                    "sizes": []
                                },
                                "text_indent": {
                                    "unit": "px",
                                    "size": 15,
                                    "sizes": []
                                },
                                "__globals__": {
                                    "icon_color": "globals\/colors?id=secondary",
                                    "text_color": "globals\/colors?id=secondary",
                                    "icon_typography_typography": "globals\/typography?id=4d8da36"
                                }
                            },
                            "elements": [],
                            "isInner": false,
                            "widgetType": "icon-list",
                            "elType": "widget"
                        },
                        {
                            "id": "7b397b92",
                            "settings": {
                                "title": "Choose Your Internet Pack",
                                "align": "center",
                                "header_size": "h3"
                            },
                            "elements": [],
                            "isInner": false,
                            "widgetType": "heading",
                            "elType": "widget"
                        },
                        {
                            "id": "712cfb9f",
                            "settings": {
                                "editor": "<p>Lorem ipsum dolor sit amet, consectetur adipiscing elit, sed do eiusmod tempor incididunt ut labore et dolore magna aliqua.<\/p>",
                                "align": "center"
                            },
                            "elements": [],
                            "isInner": false,
                            "widgetType": "text-editor",
                            "elType": "widget"
                        },
                        {
                            "id": "6d6b34c1",
                            "settings": {
                                "structure": "30"
                            },
                            "elements": [
                                {
                                    "id": "3b83a2da",
                                    "settings": {
                                        "_column_size": 33,
                                        "_inline_size": null,
                                        "padding": {
                                            "unit": "em",
                                            "top": "1",
                                            "right": "1",
                                            "bottom": "1",
                                            "left": "1",
                                            "isLinked": true
                                        },
                                        "padding_tablet": {
                                            "unit": "em",
                                            "top": "",
                                            "right": "",
                                            "bottom": "",
                                            "left": "",
                                            "isLinked": true
                                        },
                                        "padding_mobile": {
                                            "unit": "em",
                                            "top": "",
                                            "right": "",
                                            "bottom": "",
                                            "left": "",
                                            "isLinked": true
                                        },
                                        "_inline_size_tablet": 50
                                    },
                                    "elements": [
                                        {
                                            "id": "12c9d18f",
                                            "settings": {
                                                "heading": "Internet",
                                                "sub_heading": "Basic Package",
                                                "price": "29.99",
                                                "period": "Monthly",
                                                "features_list": [
                                                    {
                                                        "item_text": "Up to 50Mbps",
                                                        "_id": "61c3f6f"
                                                    },
                                                    {
                                                        "item_text": "Unlimited Device",
                                                        "_id": "8f60745"
                                                    },
                                                    {
                                                        "item_text": "Ultra Fast Speed ",
                                                        "_id": "052ab5d"
                                                    },
                                                    {
                                                        "_id": "bedd049",
                                                        "item_text": "Fiber Optic"
                                                    },
                                                    {
                                                        "item_text": "High Support",
                                                        "_id": "31941bd"
                                                    }
                                                ],
                                                "button_text": "Get Started",
                                                "footer_additional_info": "Tax not included + $5.99 for set-up fee",
                                                "show_ribbon": "",
                                                "ribbon_title": "Popular",
                                                "__globals__": {
                                                    "header_bg_color": "globals\/colors?id=primary",
                                                    "pricing_element_bg_color": "globals\/colors?id=b5800ba",
                                                    "features_list_bg_color": "globals\/colors?id=b5800ba",
                                                    "features_list_typography_typography": "globals\/typography?id=text",
                                                    "footer_bg_color": "globals\/colors?id=b5800ba",
                                                    "heading_color": "globals\/colors?id=d1579c8",
                                                    "heading_typography_typography": "globals\/typography?id=f4996d9",
                                                    "sub_heading_color": "globals\/colors?id=d1579c8",
                                                    "sub_heading_typography_typography": "globals\/typography?id=66cf9be",
                                                    "ribbon_bg_color": "globals\/colors?id=eb6d8e9",
                                                    "price_color": "globals\/colors?id=d1579c8"
                                                },
                                                "header_bg_color": "#FAAD1E",
                                                "heading_color": "#454545",
                                                "sub_heading_color": "#454545",
                                                "sub_heading_typography_typography": "custom",
                                                "sub_heading_typography_font_family": "Gothic A1",
                                                "sub_heading_typography_font_size": {
                                                    "unit": "rem",
                                                    "size": 1,
                                                    "sizes": []
                                                },
                                                "sub_heading_typography_font_weight": "700",
                                                "sub_heading_typography_text_transform": "capitalize",
                                                "sub_heading_typography_line_height": {
                                                    "unit": "em",
                                                    "size": 1.2,
                                                    "sizes": []
                                                },
                                                "sub_heading_typography_word_spacing": {
                                                    "unit": "em",
                                                    "size": "",
                                                    "sizes": []
                                                },
                                                "pricing_element_bg_color": "#EDE5DB",
                                                "price_color": "#454545",
                                                "features_list_bg_color": "#EDE5DB",
                                                "features_list_typography_typography": "custom",
                                                "features_list_typography_font_family": "Nunito Sans",
                                                "features_list_typography_font_size": {
                                                    "unit": "rem",
                                                    "size": 1,
                                                    "sizes": []
                                                },
                                                "features_list_typography_font_weight": "400",
                                                "footer_bg_color": "#EDE5DB",
                                                "ribbon_bg_color": "#752998"
                                            },
                                            "elements": [],
                                            "isInner": false,
                                            "widgetType": "price-table",
                                            "elType": "widget"
                                        }
                                    ],
                                    "isInner": true,
                                    "elType": "column"
                                },
                                {
                                    "id": "10d76981",
                                    "settings": {
                                        "_column_size": 33,
                                        "_inline_size": null,
                                        "padding": {
                                            "unit": "em",
                                            "top": "1",
                                            "right": "1",
                                            "bottom": "1",
                                            "left": "1",
                                            "isLinked": true
                                        },
                                        "padding_tablet": {
                                            "unit": "em",
                                            "top": "",
                                            "right": "",
                                            "bottom": "",
                                            "left": "",
                                            "isLinked": true
                                        },
                                        "padding_mobile": {
                                            "unit": "em",
                                            "top": "",
                                            "right": "",
                                            "bottom": "",
                                            "left": "",
                                            "isLinked": true
                                        },
                                        "_inline_size_tablet": 50
                                    },
                                    "elements": [
                                        {
                                            "id": "7d688f0e",
                                            "settings": {
                                                "heading": "Internet + TV",
                                                "sub_heading": "Premium Package",
                                                "price": "59.99",
                                                "period": "Monthly",
                                                "features_list": [
                                                    {
                                                        "item_text": "Up to 100Mbps",
                                                        "_id": "61c3f6f"
                                                    },
                                                    {
                                                        "item_text": "Unlimited Device",
                                                        "_id": "8f60745"
                                                    },
                                                    {
                                                        "item_text": "Ultra Fast Speed ",
                                                        "_id": "052ab5d"
                                                    },
                                                    {
                                                        "_id": "bedd049",
                                                        "item_text": "Fiber Optic"
                                                    },
                                                    {
                                                        "item_text": "High Support",
                                                        "_id": "31941bd"
                                                    }
                                                ],
                                                "button_text": "Get Started",
                                                "footer_additional_info": "Tax not included + $5.99 for set-up fee",
                                                "ribbon_title": "Popular",
                                                "__globals__": {
                                                    "header_bg_color": "globals\/colors?id=eb6d8e9",
                                                    "pricing_element_bg_color": "globals\/colors?id=b5800ba",
                                                    "features_list_bg_color": "globals\/colors?id=b5800ba",
                                                    "features_list_typography_typography": "globals\/typography?id=text",
                                                    "footer_bg_color": "globals\/colors?id=b5800ba",
                                                    "heading_color": "globals\/colors?id=4407811",
                                                    "heading_typography_typography": "globals\/typography?id=f4996d9",
                                                    "sub_heading_color": "globals\/colors?id=4407811",
                                                    "sub_heading_typography_typography": "globals\/typography?id=66cf9be",
                                                    "ribbon_bg_color": "globals\/colors?id=primary",
                                                    "price_color": "globals\/colors?id=d1579c8"
                                                }
                                            },
                                            "elements": [],
                                            "isInner": false,
                                            "widgetType": "price-table",
                                            "elType": "widget"
                                        }
                                    ],
                                    "isInner": true,
                                    "elType": "column"
                                },
                                {
                                    "id": "5ea90f71",
                                    "settings": {
                                        "_column_size": 33,
                                        "_inline_size": null,
                                        "padding": {
                                            "unit": "em",
                                            "top": "1",
                                            "right": "1",
                                            "bottom": "1",
                                            "left": "1",
                                            "isLinked": true
                                        },
                                        "padding_tablet": {
                                            "unit": "em",
                                            "top": "",
                                            "right": "",
                                            "bottom": "",
                                            "left": "",
                                            "isLinked": true
                                        },
                                        "padding_mobile": {
                                            "unit": "em",
                                            "top": "",
                                            "right": "",
                                            "bottom": "",
                                            "left": "",
                                            "isLinked": true
                                        },
                                        "_inline_size_tablet": 50
                                    },
                                    "elements": [
                                        {
                                            "id": "ae8c3bb",
                                            "settings": {
                                                "heading": "All in One",
                                                "sub_heading": "Ultimated Package",
                                                "price": "99.99",
                                                "period": "Monthly",
                                                "features_list": [
                                                    {
                                                        "item_text": "Up to 500Mbps",
                                                        "_id": "61c3f6f"
                                                    },
                                                    {
                                                        "item_text": "Unlimited Device",
                                                        "_id": "8f60745"
                                                    },
                                                    {
                                                        "item_text": "Ultra Fast Speed ",
                                                        "_id": "052ab5d"
                                                    },
                                                    {
                                                        "_id": "bedd049",
                                                        "item_text": "Fiber Optic"
                                                    },
                                                    {
                                                        "item_text": "High Support",
                                                        "_id": "31941bd"
                                                    }
                                                ],
                                                "button_text": "Get Started",
                                                "footer_additional_info": "Tax not included + $5.99 for set-up fee",
                                                "show_ribbon": "",
                                                "ribbon_title": "Popular",
                                                "__globals__": {
                                                    "header_bg_color": "globals\/colors?id=primary",
                                                    "pricing_element_bg_color": "globals\/colors?id=b5800ba",
                                                    "features_list_bg_color": "globals\/colors?id=b5800ba",
                                                    "features_list_typography_typography": "globals\/typography?id=text",
                                                    "footer_bg_color": "globals\/colors?id=b5800ba",
                                                    "heading_color": "globals\/colors?id=d1579c8",
                                                    "heading_typography_typography": "globals\/typography?id=f4996d9",
                                                    "sub_heading_color": "globals\/colors?id=d1579c8",
                                                    "sub_heading_typography_typography": "globals\/typography?id=66cf9be",
                                                    "ribbon_bg_color": "globals\/colors?id=eb6d8e9",
                                                    "price_color": "globals\/colors?id=d1579c8"
                                                }
                                            },
                                            "elements": [],
                                            "isInner": false,
                                            "widgetType": "price-table",
                                            "elType": "widget"
                                        }
                                    ],
                                    "isInner": true,
                                    "elType": "column"
                                }
                            ],
                            "isInner": true,
                            "elType": "section"
                        },
                        {
                            "id": "637805fc",
                            "settings": {
                                "space": {
                                    "unit": "px",
                                    "size": 10,
                                    "sizes": []
                                }
                            },
                            "elements": [],
                            "isInner": false,
                            "widgetType": "spacer",
                            "elType": "widget"
                        },
                        {
                            "id": "18296a14",
                            "settings": {
                                "title": "100% money-back guarantee for your first 30 days.",
                                "header_size": "p",
                                "align": "center"
                            },
                            "elements": [],
                            "isInner": false,
                            "widgetType": "heading",
                            "elType": "widget"
                        },
                        {
                            "id": "6742360d",
                            "settings": {
                                "space": {
                                    "unit": "px",
                                    "size": 10,
                                    "sizes": []
                                }
                            },
                            "elements": [],
                            "isInner": false,
                            "widgetType": "spacer",
                            "elType": "widget"
                        }
                    ],
                    "isInner": false,
                    "elType": "column"
                }
            ],
            "isInner": false,
            "elType": "section"
        },
        {
            "id": "a6aaeb2",
            "settings": {
                "background_background": "classic",
                "background_image": {
                    "url": "https:\/\/yrkit.rometheme.pro\/inet\/wp-content\/uploads\/sites\/33\/2022\/09\/s4.jpg",
                    "id": 21,
                    "alt": "",
                    "source": "library"
                },
                "background_position": "center center",
                "background_size": "cover",
                "background_overlay_background": "gradient",
                "padding": {
                    "unit": "em",
                    "top": "6",
                    "right": "1",
                    "bottom": "6",
                    "left": "1",
                    "isLinked": false
                },
                "padding_tablet": {
                    "unit": "em",
                    "top": "",
                    "right": "",
                    "bottom": "",
                    "left": "",
                    "isLinked": true
                },
                "padding_mobile": {
                    "unit": "em",
                    "top": "",
                    "right": "",
                    "bottom": "",
                    "left": "",
                    "isLinked": true
                },
                "__globals__": {
                    "background_overlay_color": "globals\/colors?id=primary",
                    "background_overlay_color_b": ""
                },
                "background_overlay_opacity": {
                    "unit": "px",
                    "size": 1,
                    "sizes": []
                },
                "background_overlay_color": "#FAAD1E",
                "background_overlay_color_stop": {
                    "unit": "%",
                    "size": 30,
                    "sizes": []
                },
                "background_overlay_color_b": "#752998C7",
                "background_overlay_color_b_stop": {
                    "unit": "%",
                    "size": 30,
                    "sizes": []
                },
                "background_overlay_gradient_angle": {
                    "unit": "deg",
                    "size": 130,
                    "sizes": []
                },
                "_title": "CTA Section"
            },
            "elements": [
                {
                    "id": "5bf7fa62",
                    "settings": {
                        "_column_size": 100,
                        "_inline_size": null,
                        "padding": {
                            "unit": "em",
                            "top": "1",
                            "right": "1",
                            "bottom": "1",
                            "left": "1",
                            "isLinked": true
                        },
                        "padding_tablet": {
                            "unit": "em",
                            "top": "",
                            "right": "",
                            "bottom": "",
                            "left": "",
                            "isLinked": true
                        },
                        "padding_mobile": {
                            "unit": "em",
                            "top": "",
                            "right": "",
                            "bottom": "",
                            "left": "",
                            "isLinked": true
                        }
                    },
                    "elements": [
                        {
                            "id": "374f1d64",
                            "settings": {
                                "title": "Get 100Mbps Internet +<br> TV Box 150+ Channels",
                                "align": "center",
                                "__globals__": {
                                    "title_color": "globals\/colors?id=4407811"
                                },
                                "header_size": "h1"
                            },
                            "elements": [],
                            "isInner": false,
                            "widgetType": "heading",
                            "elType": "widget"
                        },
                        {
                            "id": "45b1920b",
                            "settings": {
                                "editor": "<p>Fast internet connection and high-quality support are only several of much<br \/>more benefits we offer to our clients<\/p>",
                                "align": "center",
                                "__globals__": {
                                    "text_color": "globals\/colors?id=4407811"
                                }
                            },
                            "elements": [],
                            "isInner": false,
                            "widgetType": "text-editor",
                            "elType": "widget"
                        },
                        {
                            "id": "5c9d0f95",
                            "settings": {
                                "structure": "20",
                                "gap": "no",
                                "padding": {
                                    "unit": "em",
                                    "top": "",
                                    "right": "",
                                    "bottom": "",
                                    "left": "",
                                    "isLinked": true
                                },
                                "padding_tablet": {
                                    "unit": "em",
                                    "top": "",
                                    "right": "",
                                    "bottom": "",
                                    "left": "",
                                    "isLinked": true
                                },
                                "padding_mobile": {
                                    "unit": "em",
                                    "top": "",
                                    "right": "",
                                    "bottom": "",
                                    "left": "",
                                    "isLinked": true
                                }
                            },
                            "elements": [
                                {
                                    "id": "21f264af",
                                    "settings": {
                                        "_column_size": 50,
                                        "_inline_size": null
                                    },
                                    "elements": [
                                        {
                                            "id": "3f0ffc3f",
                                            "settings": {
                                                "title": "only $59.99 \/ mo",
                                                "align": "right",
                                                "__globals__": {
                                                    "title_color": "globals\/colors?id=primary"
                                                },
                                                "_padding": {
                                                    "unit": "em",
                                                    "top": "0",
                                                    "right": "1",
                                                    "bottom": "0",
                                                    "left": "0",
                                                    "isLinked": false
                                                },
                                                "_padding_tablet": {
                                                    "unit": "em",
                                                    "top": "",
                                                    "right": "",
                                                    "bottom": "",
                                                    "left": "",
                                                    "isLinked": true
                                                },
                                                "_padding_mobile": {
                                                    "unit": "em",
                                                    "top": "",
                                                    "right": "",
                                                    "bottom": "",
                                                    "left": "",
                                                    "isLinked": true
                                                },
                                                "header_size": "h4"
                                            },
                                            "elements": [],
                                            "isInner": false,
                                            "widgetType": "heading",
                                            "elType": "widget"
                                        }
                                    ],
                                    "isInner": true,
                                    "elType": "column"
                                },
                                {
                                    "id": "75fba7d6",
                                    "settings": {
                                        "_column_size": 50,
                                        "_inline_size": null,
                                        "padding": {
                                            "unit": "em",
                                            "top": "0",
                                            "right": "0",
                                            "bottom": "0",
                                            "left": "1",
                                            "isLinked": false
                                        },
                                        "padding_tablet": {
                                            "unit": "em",
                                            "top": "",
                                            "right": "",
                                            "bottom": "",
                                            "left": "",
                                            "isLinked": true
                                        },
                                        "padding_mobile": {
                                            "unit": "em",
                                            "top": "",
                                            "right": "",
                                            "bottom": "",
                                            "left": "",
                                            "isLinked": true
                                        }
                                    },
                                    "elements": [
                                        {
                                            "id": "3ebef5ff",
                                            "settings": {
                                                "selected_icon": {
                                                    "value": "fas fa-phone-volume",
                                                    "library": "fa-solid"
                                                },
                                                "view": "stacked",
                                                "title_text": "Try free for 1 month",
                                                "description_text": "Call Us Today",
                                                "position": "left",
                                                "title_size": "h4",
                                                "icon_size": {
                                                    "unit": "px",
                                                    "size": 26,
                                                    "sizes": []
                                                },
                                                "content_vertical_alignment": "middle",
                                                "title_bottom_space": {
                                                    "unit": "px",
                                                    "size": 0,
                                                    "sizes": []
                                                },
                                                "title_color": "#111111",
                                                "__globals__": {
                                                    "title_color": "globals\/colors?id=4407811",
                                                    "title_typography_typography": "globals\/typography?id=66cf9be",
                                                    "description_color": "globals\/colors?id=4407811",
                                                    "primary_color": "globals\/colors?id=secondary",
                                                    "hover_secondary_color": "globals\/colors?id=4407811"
                                                }
                                            },
                                            "elements": [],
                                            "isInner": false,
                                            "widgetType": "icon-box",
                                            "elType": "widget"
                                        }
                                    ],
                                    "isInner": true,
                                    "elType": "column"
                                }
                            ],
                            "isInner": true,
                            "elType": "section"
                        }
                    ],
                    "isInner": false,
                    "elType": "column"
                }
            ],
            "isInner": false,
            "elType": "section"
        },
        {
            "id": "3ba91a9f",
            "settings": {
                "height": "min-height",
                "custom_height": {
                    "unit": "vh",
                    "size": 20,
                    "sizes": []
                },
                "custom_height_tablet": {
                    "unit": "vh",
                    "size": "",
                    "sizes": []
                },
                "custom_height_mobile": {
                    "unit": "vh",
                    "size": "",
                    "sizes": []
                },
                "structure": "60",
                "background_background": "classic",
                "__globals__": {
                    "background_color": "globals\/colors?id=eb6d8e9"
                },
                "_title": "Awards Section"
            },
            "elements": [
                {
                    "id": "4bbfaa4a",
                    "settings": {
                        "_column_size": 16,
                        "_inline_size": null,
                        "padding": {
                            "unit": "em",
                            "top": "1",
                            "right": "1",
                            "bottom": "1",
                            "left": "1",
                            "isLinked": true
                        },
                        "padding_tablet": {
                            "unit": "em",
                            "top": "",
                            "right": "",
                            "bottom": "",
                            "left": "",
                            "isLinked": true
                        },
                        "padding_mobile": {
                            "unit": "em",
                            "top": "",
                            "right": "",
                            "bottom": "",
                            "left": "",
                            "isLinked": true
                        },
                        "_inline_size_tablet": 33
                    },
                    "elements": [
                        {
                            "id": "42fc187f",
                            "settings": {
                                "image": {
                                    "url": "https:\/\/yrkit.rometheme.pro\/inet\/wp-content\/uploads\/sites\/33\/2022\/09\/badge3.png",
                                    "id": 231,
                                    "alt": "",
                                    "source": "library"
                                }
                            },
                            "elements": [],
                            "isInner": false,
                            "widgetType": "image",
                            "elType": "widget"
                        }
                    ],
                    "isInner": false,
                    "elType": "column"
                },
                {
                    "id": "7f65e4a6",
                    "settings": {
                        "_column_size": 16,
                        "_inline_size": null,
                        "padding": {
                            "unit": "em",
                            "top": "1",
                            "right": "1",
                            "bottom": "1",
                            "left": "1",
                            "isLinked": true
                        },
                        "padding_tablet": {
                            "unit": "em",
                            "top": "",
                            "right": "",
                            "bottom": "",
                            "left": "",
                            "isLinked": true
                        },
                        "padding_mobile": {
                            "unit": "em",
                            "top": "",
                            "right": "",
                            "bottom": "",
                            "left": "",
                            "isLinked": true
                        },
                        "_inline_size_tablet": 33
                    },
                    "elements": [
                        {
                            "id": "495d321d",
                            "settings": {
                                "image": {
                                    "url": "https:\/\/yrkit.rometheme.pro\/inet\/wp-content\/uploads\/sites\/33\/2022\/09\/badge2.png",
                                    "id": 230,
                                    "alt": "",
                                    "source": "library"
                                }
                            },
                            "elements": [],
                            "isInner": false,
                            "widgetType": "image",
                            "elType": "widget"
                        }
                    ],
                    "isInner": false,
                    "elType": "column"
                },
                {
                    "id": "531c1827",
                    "settings": {
                        "_column_size": 16,
                        "_inline_size": null,
                        "padding": {
                            "unit": "em",
                            "top": "1",
                            "right": "1",
                            "bottom": "1",
                            "left": "1",
                            "isLinked": true
                        },
                        "padding_tablet": {
                            "unit": "em",
                            "top": "",
                            "right": "",
                            "bottom": "",
                            "left": "",
                            "isLinked": true
                        },
                        "padding_mobile": {
                            "unit": "em",
                            "top": "",
                            "right": "",
                            "bottom": "",
                            "left": "",
                            "isLinked": true
                        },
                        "_inline_size_tablet": 33
                    },
                    "elements": [
                        {
                            "id": "53d18cea",
                            "settings": {
                                "image": {
                                    "url": "https:\/\/yrkit.rometheme.pro\/inet\/wp-content\/uploads\/sites\/33\/2022\/09\/badge1.png",
                                    "id": 229,
                                    "alt": "",
                                    "source": "library"
                                }
                            },
                            "elements": [],
                            "isInner": false,
                            "widgetType": "image",
                            "elType": "widget"
                        }
                    ],
                    "isInner": false,
                    "elType": "column"
                },
                {
                    "id": "108facce",
                    "settings": {
                        "_column_size": 16,
                        "_inline_size": null,
                        "padding": {
                            "unit": "em",
                            "top": "1",
                            "right": "1",
                            "bottom": "1",
                            "left": "1",
                            "isLinked": true
                        },
                        "padding_tablet": {
                            "unit": "em",
                            "top": "",
                            "right": "",
                            "bottom": "",
                            "left": "",
                            "isLinked": true
                        },
                        "padding_mobile": {
                            "unit": "em",
                            "top": "",
                            "right": "",
                            "bottom": "",
                            "left": "",
                            "isLinked": true
                        },
                        "_inline_size_tablet": 33
                    },
                    "elements": [
                        {
                            "id": "38ba82fa",
                            "settings": {
                                "image": {
                                    "url": "https:\/\/yrkit.rometheme.pro\/inet\/wp-content\/uploads\/sites\/33\/2022\/09\/badge3.png",
                                    "id": 231,
                                    "alt": "",
                                    "source": "library"
                                }
                            },
                            "elements": [],
                            "isInner": false,
                            "widgetType": "image",
                            "elType": "widget"
                        }
                    ],
                    "isInner": false,
                    "elType": "column"
                },
                {
                    "id": "5803cd1c",
                    "settings": {
                        "_column_size": 16,
                        "_inline_size": null,
                        "padding": {
                            "unit": "em",
                            "top": "1",
                            "right": "1",
                            "bottom": "1",
                            "left": "1",
                            "isLinked": true
                        },
                        "padding_tablet": {
                            "unit": "em",
                            "top": "",
                            "right": "",
                            "bottom": "",
                            "left": "",
                            "isLinked": true
                        },
                        "padding_mobile": {
                            "unit": "em",
                            "top": "",
                            "right": "",
                            "bottom": "",
                            "left": "",
                            "isLinked": true
                        },
                        "_inline_size_tablet": 33
                    },
                    "elements": [
                        {
                            "id": "33cdbe4b",
                            "settings": {
                                "image": {
                                    "url": "https:\/\/yrkit.rometheme.pro\/inet\/wp-content\/uploads\/sites\/33\/2022\/09\/badge2.png",
                                    "id": 230,
                                    "alt": "",
                                    "source": "library"
                                }
                            },
                            "elements": [],
                            "isInner": false,
                            "widgetType": "image",
                            "elType": "widget"
                        }
                    ],
                    "isInner": false,
                    "elType": "column"
                },
                {
                    "id": "88ccece",
                    "settings": {
                        "_column_size": 16,
                        "_inline_size": null,
                        "padding": {
                            "unit": "em",
                            "top": "1",
                            "right": "1",
                            "bottom": "1",
                            "left": "1",
                            "isLinked": true
                        },
                        "padding_tablet": {
                            "unit": "em",
                            "top": "",
                            "right": "",
                            "bottom": "",
                            "left": "",
                            "isLinked": true
                        },
                        "padding_mobile": {
                            "unit": "em",
                            "top": "",
                            "right": "",
                            "bottom": "",
                            "left": "",
                            "isLinked": true
                        },
                        "_inline_size_tablet": 33
                    },
                    "elements": [
                        {
                            "id": "18692813",
                            "settings": {
                                "image": {
                                    "url": "https:\/\/yrkit.rometheme.pro\/inet\/wp-content\/uploads\/sites\/33\/2022\/09\/badge1.png",
                                    "id": 229,
                                    "alt": "",
                                    "source": "library"
                                }
                            },
                            "elements": [],
                            "isInner": false,
                            "widgetType": "image",
                            "elType": "widget"
                        }
                    ],
                    "isInner": false,
                    "elType": "column"
                }
            ],
            "isInner": false,
            "elType": "section"
        }
    ]
}