{
    "version": "0.4",
    "title": "Service Detail",
    "type": "page",
    "metadata": {
        "template_type": "single-page",
        "include_in_zip": "1",
        "elementor_pro_required": null,
        "wp_page_template": "elementor_header_footer"
    },
    "content": [
        {
            "id": "6a5befea",
            "settings": {
                "height": "min-height",
                "custom_height": {
                    "unit": "vh",
                    "size": 40,
                    "sizes": []
                },
                "custom_height_tablet": {
                    "unit": "vw",
                    "size": "",
                    "sizes": []
                },
                "custom_height_mobile": {
                    "unit": "vw",
                    "size": "",
                    "sizes": []
                },
                "background_background": "classic",
                "background_image": {
                    "url": "https:\/\/yrkit.rometheme.pro\/inet\/wp-content\/uploads\/sites\/33\/2022\/09\/S1.jpg",
                    "id": 10,
                    "alt": "",
                    "source": "library"
                },
                "background_position": "center center",
                "background_size": "cover",
                "background_overlay_background": "classic",
                "__globals__": {
                    "background_overlay_color": "globals\/colors?id=eb6d8e9"
                },
                "_title": "Top Page Section",
                "padding": {
                    "unit": "em",
                    "top": "",
                    "right": "",
                    "bottom": "",
                    "left": "",
                    "isLinked": false
                },
                "padding_tablet": {
                    "unit": "em",
                    "top": "",
                    "right": "",
                    "bottom": "",
                    "left": "",
                    "isLinked": true
                },
                "padding_mobile": {
                    "unit": "em",
                    "top": "",
                    "right": "",
                    "bottom": "",
                    "left": "",
                    "isLinked": true
                }
            },
            "elements": [
                {
                    "id": "3fbe4aa5",
                    "settings": {
                        "_column_size": 100,
                        "_inline_size": null,
                        "padding": {
                            "unit": "em",
                            "top": "1",
                            "right": "40",
                            "bottom": "1",
                            "left": "1",
                            "isLinked": false
                        },
                        "padding_tablet": {
                            "unit": "em",
                            "top": "1",
                            "right": "1",
                            "bottom": "1",
                            "left": "1",
                            "isLinked": true
                        },
                        "padding_mobile": {
                            "unit": "em",
                            "top": "",
                            "right": "",
                            "bottom": "",
                            "left": "",
                            "isLinked": true
                        },
                        "space_between_widgets": 5
                    },
                    "elements": [
                        {
                            "id": "20769e1e",
                            "settings": {
                                "title": "Service Detail",
                                "__globals__": {
                                    "typography_typography": "",
                                    "title_color": "globals\/colors?id=4407811"
                                },
                                "typography_font_family": "Mulish",
                                "typography_font_size": {
                                    "unit": "rem",
                                    "size": 4,
                                    "sizes": []
                                },
                                "typography_font_size_tablet": {
                                    "unit": "em",
                                    "size": "",
                                    "sizes": []
                                },
                                "typography_font_size_mobile": {
                                    "unit": "em",
                                    "size": "",
                                    "sizes": []
                                },
                                "typography_font_weight": "900",
                                "typography_text_transform": "capitalize",
                                "typography_line_height": {
                                    "unit": "em",
                                    "size": 1.2,
                                    "sizes": []
                                },
                                "typography_word_spacing": {
                                    "unit": "em",
                                    "size": "",
                                    "sizes": []
                                }
                            },
                            "elements": [],
                            "isInner": false,
                            "widgetType": "heading",
                            "elType": "widget"
                        },
                        {
                            "id": "114de0bb",
                            "settings": {
                                "__globals__": {
                                    "text_color": "globals\/colors?id=01ef3a6"
                                },
                                "editor": "<p><a href=\"#\">Home<\/a> \/ Services \/ Service Detail<\/p>"
                            },
                            "elements": [],
                            "isInner": false,
                            "widgetType": "text-editor",
                            "elType": "widget"
                        }
                    ],
                    "isInner": false,
                    "elType": "column"
                }
            ],
            "isInner": false,
            "elType": "section"
        },
        {
            "id": "5df5546b",
            "settings": {
                "structure": "22",
                "padding": {
                    "unit": "em",
                    "top": "6",
                    "right": "1",
                    "bottom": "6",
                    "left": "1",
                    "isLinked": false
                },
                "padding_tablet": {
                    "unit": "em",
                    "top": "",
                    "right": "",
                    "bottom": "",
                    "left": "",
                    "isLinked": true
                },
                "padding_mobile": {
                    "unit": "em",
                    "top": "",
                    "right": "",
                    "bottom": "",
                    "left": "",
                    "isLinked": true
                },
                "_title": "Service Detail Section"
            },
            "elements": [
                {
                    "id": "6d962a78",
                    "settings": {
                        "_column_size": 66,
                        "_inline_size": null,
                        "_inline_size_tablet": 100,
                        "padding": {
                            "unit": "em",
                            "top": "1",
                            "right": "5",
                            "bottom": "1",
                            "left": "1",
                            "isLinked": false
                        },
                        "padding_tablet": {
                            "unit": "em",
                            "top": "1",
                            "right": "1",
                            "bottom": "1",
                            "left": "1",
                            "isLinked": true
                        },
                        "padding_mobile": {
                            "unit": "em",
                            "top": "",
                            "right": "",
                            "bottom": "",
                            "left": "",
                            "isLinked": true
                        }
                    },
                    "elements": [
                        {
                            "id": "33afe0e8",
                            "settings": {
                                "image": {
                                    "url": "https:\/\/yrkit.rometheme.pro\/inet\/wp-content\/uploads\/sites\/33\/2022\/09\/s13.jpg",
                                    "id": 103,
                                    "alt": "",
                                    "source": "library"
                                },
                                "image_size": "full",
                                "align": "left"
                            },
                            "elements": [],
                            "isInner": false,
                            "widgetType": "image",
                            "elType": "widget"
                        },
                        {
                            "id": "8578492",
                            "settings": {
                                "title": "Internet + TV",
                                "header_size": "h3"
                            },
                            "elements": [],
                            "isInner": false,
                            "widgetType": "heading",
                            "elType": "widget"
                        },
                        {
                            "id": "204a67ec",
                            "settings": {
                                "editor": "<p>Lorem ipsum dolor sit amet, consectetur adipiscing elit, sed do eiusmod tempor incididunt ut labore et dolore magna aliqua. Turpis egestas integer eget aliquet nibh. Augue lacus viverra vitae congue eu consequat ac felis. Tempor id eu nisl nunc mi ipsum faucibus. Proin fermentum leo vel orci porta non. Tellus pellentesque eu tincidunt tortor aliquam nulla facilisi. Massa placerat duis ultricies lacus. Sit amet purus gravida quis blandit turpis cursus in hac. Nec sagittis aliquam malesuada bibendum arcu vitae elementum curabitur. Ornare massa eget egestas purus viverra. Adipiscing at in tellus integer feugiat. Eget est lorem ipsum dolor. Morbi tristique senectus et netus et malesuada fames ac. Quam vulputate dignissim suspendisse in est ante in nibh mauris.<\/p><p>Nullam non nisi est sit amet. Eleifend quam adipiscing vitae proin sagittis nisl rhoncus mattis. Lacus suspendisse faucibus interdum posuere. Suspendisse interdum consectetur libero id faucibus nisl. Dictum varius duis at consectetur lorem donec. Et malesuada fames ac turpis egestas. Risus nullam eget felis eget nunc lobortis mattis aliquam faucibus. Fusce id velit ut tortor pretium viverra suspendisse. Nec feugiat in fermentum posuere urna nec tincidunt praesent semper. Turpis cursus in hac habitasse platea dictumst quisque sagittis purus. Ut aliquam purus sit amet luctus venenatis lectus magna.<\/p>"
                            },
                            "elements": [],
                            "isInner": false,
                            "widgetType": "text-editor",
                            "elType": "widget"
                        },
                        {
                            "id": "72f9c6db",
                            "settings": {
                                "editor": "<p>Lorem ipsum dolor sit amet, consectetur adipiscing elit, sed do eiusmod tempor incididunt ut labore et dolore magna aliqua. Turpis egestas integer eget aliquet nibh. Augue lacus viverra vitae congue eu consequat ac felis. Tempor id eu nisl nunc mi ipsum faucibus. Proin fermentum leo vel orci porta non.\u00a0<\/p>",
                                "_padding": {
                                    "unit": "em",
                                    "top": "1",
                                    "right": "2",
                                    "bottom": "1",
                                    "left": "2",
                                    "isLinked": false
                                },
                                "_padding_tablet": {
                                    "unit": "em",
                                    "top": "",
                                    "right": "",
                                    "bottom": "",
                                    "left": "",
                                    "isLinked": true
                                },
                                "_padding_mobile": {
                                    "unit": "em",
                                    "top": "",
                                    "right": "",
                                    "bottom": "",
                                    "left": "",
                                    "isLinked": true
                                },
                                "_background_background": "classic",
                                "_border_border": "solid",
                                "_border_width": {
                                    "unit": "px",
                                    "top": "0",
                                    "right": "0",
                                    "bottom": "0",
                                    "left": "2",
                                    "isLinked": false
                                },
                                "__globals__": {
                                    "typography_typography": "globals\/typography?id=8c4bfc2",
                                    "text_color": "globals\/colors?id=d1579c8",
                                    "_background_color": "globals\/colors?id=d2ca227",
                                    "_border_color": "globals\/colors?id=secondary"
                                }
                            },
                            "elements": [],
                            "isInner": false,
                            "widgetType": "text-editor",
                            "elType": "widget"
                        },
                        {
                            "id": "3a3969bf",
                            "settings": {
                                "editor": "<p>Turpis egestas integer eget aliquet nibh. Augue lacus viverra vitae congue eu consequat ac felis. Tempor id eu nisl nunc mi ipsum faucibus. Proin fermentum leo vel orci porta non. Tellus pellentesque eu tincidunt tortor aliquam nulla facilisi. Massa placerat duis ultricies lacus. Sit amet purus gravida quis blandit turpis cursus in hac. Nec sagittis aliquam malesuada bibendum arcu vitae elementum curabitur.<\/p>"
                            },
                            "elements": [],
                            "isInner": false,
                            "widgetType": "text-editor",
                            "elType": "widget"
                        },
                        {
                            "id": "66547e22",
                            "settings": {
                                "title": "Benefit of Service :",
                                "header_size": "h4"
                            },
                            "elements": [],
                            "isInner": false,
                            "widgetType": "heading",
                            "elType": "widget"
                        },
                        {
                            "id": "20c09436",
                            "settings": {
                                "icon_list": [
                                    {
                                        "text": "Internet & TV Service Solutions",
                                        "_id": "0d71d32",
                                        "selected_icon": {
                                            "value": "fas fa-check-circle",
                                            "library": "fa-solid"
                                        }
                                    },
                                    {
                                        "text": "Ultra Fast Speed Connections",
                                        "_id": "3bf5c50",
                                        "selected_icon": {
                                            "value": "fas fa-check-circle",
                                            "library": "fa-solid"
                                        }
                                    },
                                    {
                                        "text": "Top Quality Service and Adorable Price",
                                        "_id": "a827b23",
                                        "selected_icon": {
                                            "value": "fas fa-check-circle",
                                            "library": "fa-solid"
                                        }
                                    }
                                ],
                                "space_between": {
                                    "unit": "px",
                                    "size": 12,
                                    "sizes": []
                                },
                                "__globals__": {
                                    "text_color": "globals\/colors?id=d1579c8",
                                    "icon_typography_typography": "globals\/typography?id=a098b25",
                                    "icon_color": "globals\/colors?id=eb6d8e9"
                                },
                                "icon_size": {
                                    "unit": "px",
                                    "size": 20,
                                    "sizes": []
                                }
                            },
                            "elements": [],
                            "isInner": false,
                            "widgetType": "icon-list",
                            "elType": "widget"
                        },
                        {
                            "id": "52c561be",
                            "settings": {
                                "space": {
                                    "unit": "px",
                                    "size": 15,
                                    "sizes": []
                                }
                            },
                            "elements": [],
                            "isInner": false,
                            "widgetType": "spacer",
                            "elType": "widget"
                        },
                        {
                            "id": "5feab820",
                            "settings": {
                                "editor": "<p>Turpis egestas integer eget aliquet nibh. Augue lacus viverra vitae congue eu consequat ac felis. Tempor id eu nisl nunc mi ipsum faucibus. Proin fermentum leo vel orci porta non. Tellus pellentesque eu tincidunt tortor aliquam nulla facilisi. Massa placerat duis ultricies lacus. Sit amet purus gravida quis blandit turpis cursus in hac. Nec sagittis aliquam malesuada bibendum arcu vitae elementum curabitur.<\/p>"
                            },
                            "elements": [],
                            "isInner": false,
                            "widgetType": "text-editor",
                            "elType": "widget"
                        }
                    ],
                    "isInner": false,
                    "elType": "column"
                },
                {
                    "id": "2ec40525",
                    "settings": {
                        "_column_size": 33,
                        "_inline_size": null,
                        "_inline_size_tablet": 100,
                        "padding": {
                            "unit": "em",
                            "top": "1",
                            "right": "1",
                            "bottom": "1",
                            "left": "1",
                            "isLinked": true
                        },
                        "padding_tablet": {
                            "unit": "em",
                            "top": "",
                            "right": "",
                            "bottom": "",
                            "left": "",
                            "isLinked": true
                        },
                        "padding_mobile": {
                            "unit": "em",
                            "top": "",
                            "right": "",
                            "bottom": "",
                            "left": "",
                            "isLinked": true
                        }
                    },
                    "elements": [
                        {
                            "id": "5e9f9d45",
                            "settings": {
                                "gap": "no"
                            },
                            "elements": [
                                {
                                    "id": "af2d0a5",
                                    "settings": {
                                        "_column_size": 100,
                                        "_inline_size": null
                                    },
                                    "elements": [
                                        {
                                            "id": "3992a811",
                                            "settings": {
                                                "title": "Benefit of Service :",
                                                "header_size": "h4"
                                            },
                                            "elements": [],
                                            "isInner": false,
                                            "widgetType": "heading",
                                            "elType": "widget"
                                        },
                                        {
                                            "id": "77ff6a35",
                                            "settings": {
                                                "icon_list": [
                                                    {
                                                        "text": "Smart Mobile",
                                                        "_id": "0d71d32",
                                                        "selected_icon": {
                                                            "value": "fas fa-long-arrow-alt-right",
                                                            "library": "fa-solid"
                                                        },
                                                        "link": {
                                                            "url": "#",
                                                            "is_external": "",
                                                            "nofollow": "",
                                                            "custom_attributes": ""
                                                        }
                                                    },
                                                    {
                                                        "text": "TV & Streaming",
                                                        "selected_icon": {
                                                            "value": "fas fa-long-arrow-alt-right",
                                                            "library": "fa-solid"
                                                        },
                                                        "link": {
                                                            "url": "#",
                                                            "is_external": "",
                                                            "nofollow": "",
                                                            "custom_attributes": ""
                                                        },
                                                        "_id": "a4bc633"
                                                    },
                                                    {
                                                        "text": "Wifi Internet",
                                                        "selected_icon": {
                                                            "value": "fas fa-long-arrow-alt-right",
                                                            "library": "fa-solid"
                                                        },
                                                        "link": {
                                                            "url": "#",
                                                            "is_external": "",
                                                            "nofollow": "",
                                                            "custom_attributes": ""
                                                        },
                                                        "_id": "8dcd693"
                                                    },
                                                    {
                                                        "text": "Security Smart",
                                                        "selected_icon": {
                                                            "value": "fas fa-long-arrow-alt-right",
                                                            "library": "fa-solid"
                                                        },
                                                        "link": {
                                                            "url": "#",
                                                            "is_external": "",
                                                            "nofollow": "",
                                                            "custom_attributes": ""
                                                        },
                                                        "_id": "5044bcf"
                                                    },
                                                    {
                                                        "text": "Smart Home",
                                                        "selected_icon": {
                                                            "value": "fas fa-long-arrow-alt-right",
                                                            "library": "fa-solid"
                                                        },
                                                        "link": {
                                                            "url": "#",
                                                            "is_external": "",
                                                            "nofollow": "",
                                                            "custom_attributes": ""
                                                        },
                                                        "_id": "eaa35e1"
                                                    },
                                                    {
                                                        "text": "Drone System",
                                                        "selected_icon": {
                                                            "value": "fas fa-long-arrow-alt-right",
                                                            "library": "fa-solid"
                                                        },
                                                        "link": {
                                                            "url": "#",
                                                            "is_external": "",
                                                            "nofollow": "",
                                                            "custom_attributes": ""
                                                        },
                                                        "_id": "d711fd7"
                                                    }
                                                ],
                                                "space_between": {
                                                    "unit": "px",
                                                    "size": 12,
                                                    "sizes": []
                                                },
                                                "__globals__": {
                                                    "text_color": "globals\/colors?id=d1579c8",
                                                    "icon_typography_typography": "globals\/typography?id=a098b25",
                                                    "icon_color": "globals\/colors?id=primary",
                                                    "icon_color_hover": "globals\/colors?id=secondary",
                                                    "text_color_hover": "globals\/colors?id=secondary"
                                                },
                                                "icon_size": {
                                                    "unit": "px",
                                                    "size": 20,
                                                    "sizes": []
                                                },
                                                "text_indent": {
                                                    "unit": "px",
                                                    "size": 16,
                                                    "sizes": []
                                                }
                                            },
                                            "elements": [],
                                            "isInner": false,
                                            "widgetType": "icon-list",
                                            "elType": "widget"
                                        }
                                    ],
                                    "isInner": true,
                                    "elType": "column"
                                }
                            ],
                            "isInner": true,
                            "elType": "section"
                        },
                        {
                            "id": "7ae7e326",
                            "settings": [],
                            "elements": [],
                            "isInner": false,
                            "widgetType": "spacer",
                            "elType": "widget"
                        },
                        {
                            "id": "58dd9acb",
                            "settings": {
                                "gap": "no"
                            },
                            "elements": [
                                {
                                    "id": "7b959eb6",
                                    "settings": {
                                        "_column_size": 100,
                                        "_inline_size": null
                                    },
                                    "elements": [
                                        {
                                            "id": "3591967d",
                                            "settings": {
                                                "title": "Download :",
                                                "header_size": "h4"
                                            },
                                            "elements": [],
                                            "isInner": false,
                                            "widgetType": "heading",
                                            "elType": "widget"
                                        },
                                        {
                                            "id": "45f56736",
                                            "settings": {
                                                "text": "Download Brochure .pdf",
                                                "align": "justify",
                                                "selected_icon": {
                                                    "value": "fas fa-file-pdf",
                                                    "library": "fa-solid"
                                                }
                                            },
                                            "elements": [],
                                            "isInner": false,
                                            "widgetType": "button",
                                            "elType": "widget"
                                        },
                                        {
                                            "id": "9988801",
                                            "settings": {
                                                "text": "Download Brochure .doc",
                                                "align": "justify",
                                                "selected_icon": {
                                                    "value": "fas fa-file-word",
                                                    "library": "fa-solid"
                                                }
                                            },
                                            "elements": [],
                                            "isInner": false,
                                            "widgetType": "button",
                                            "elType": "widget"
                                        }
                                    ],
                                    "isInner": true,
                                    "elType": "column"
                                }
                            ],
                            "isInner": true,
                            "elType": "section"
                        },
                        {
                            "id": "55e3e18a",
                            "settings": [],
                            "elements": [],
                            "isInner": false,
                            "widgetType": "spacer",
                            "elType": "widget"
                        },
                        {
                            "id": "6a06605a",
                            "settings": {
                                "background_background": "classic",
                                "background_image": {
                                    "url": "https:\/\/yrkit.rometheme.pro\/inet\/wp-content\/uploads\/sites\/33\/2022\/09\/s4.jpg",
                                    "id": 21,
                                    "alt": "",
                                    "source": "library"
                                },
                                "background_position": "center center",
                                "background_size": "cover",
                                "background_overlay_background": "gradient",
                                "background_overlay_color": "#FAAD1E",
                                "background_overlay_color_stop": {
                                    "unit": "%",
                                    "size": 30,
                                    "sizes": []
                                },
                                "background_overlay_color_b": "#752998C7",
                                "background_overlay_color_b_stop": {
                                    "unit": "%",
                                    "size": 30,
                                    "sizes": []
                                },
                                "background_overlay_gradient_angle": {
                                    "unit": "deg",
                                    "size": 130,
                                    "sizes": []
                                },
                                "background_overlay_opacity": {
                                    "unit": "px",
                                    "size": 1,
                                    "sizes": []
                                },
                                "padding": {
                                    "unit": "em",
                                    "top": "6",
                                    "right": "1",
                                    "bottom": "6",
                                    "left": "1",
                                    "isLinked": false
                                },
                                "padding_tablet": {
                                    "unit": "em",
                                    "top": "",
                                    "right": "",
                                    "bottom": "",
                                    "left": "",
                                    "isLinked": true
                                },
                                "padding_mobile": {
                                    "unit": "em",
                                    "top": "",
                                    "right": "",
                                    "bottom": "",
                                    "left": "",
                                    "isLinked": true
                                },
                                "__globals__": {
                                    "background_overlay_color": "globals\/colors?id=primary",
                                    "background_overlay_color_b": ""
                                }
                            },
                            "elements": [
                                {
                                    "id": "12ed37c6",
                                    "settings": {
                                        "_column_size": 100,
                                        "_inline_size": null
                                    },
                                    "elements": [
                                        {
                                            "id": "16a10b43",
                                            "settings": {
                                                "title": "Get 100Mbps Internet +<br> TV Box 150+ Channels",
                                                "header_size": "h4",
                                                "align": "center",
                                                "__globals__": {
                                                    "title_color": "globals\/colors?id=4407811"
                                                }
                                            },
                                            "elements": [],
                                            "isInner": false,
                                            "widgetType": "heading",
                                            "elType": "widget"
                                        },
                                        {
                                            "id": "2ed998a2",
                                            "settings": {
                                                "title": "only $59.99 \/ mo",
                                                "align": "center",
                                                "__globals__": {
                                                    "title_color": "globals\/colors?id=primary"
                                                },
                                                "_padding": {
                                                    "unit": "em",
                                                    "top": "0",
                                                    "right": "1",
                                                    "bottom": "0",
                                                    "left": "0",
                                                    "isLinked": false
                                                },
                                                "_padding_tablet": {
                                                    "unit": "em",
                                                    "top": "",
                                                    "right": "",
                                                    "bottom": "",
                                                    "left": "",
                                                    "isLinked": true
                                                },
                                                "_padding_mobile": {
                                                    "unit": "em",
                                                    "top": "",
                                                    "right": "",
                                                    "bottom": "",
                                                    "left": "",
                                                    "isLinked": true
                                                },
                                                "header_size": "h5"
                                            },
                                            "elements": [],
                                            "isInner": false,
                                            "widgetType": "heading",
                                            "elType": "widget"
                                        },
                                        {
                                            "id": "1094c10",
                                            "settings": {
                                                "text": "+123-234-1234",
                                                "align": "justify"
                                            },
                                            "elements": [],
                                            "isInner": false,
                                            "widgetType": "button",
                                            "elType": "widget"
                                        }
                                    ],
                                    "isInner": true,
                                    "elType": "column"
                                }
                            ],
                            "isInner": true,
                            "elType": "section"
                        }
                    ],
                    "isInner": false,
                    "elType": "column"
                }
            ],
            "isInner": false,
            "elType": "section"
        }
    ]
}