{
    "version": "0.4",
    "title": "Services",
    "type": "page",
    "metadata": {
        "template_type": "single-page",
        "include_in_zip": "1",
        "elementor_pro_required": null,
        "wp_page_template": "elementor_header_footer"
    },
    "content": [
        {
            "id": "622b56ce",
            "settings": {
                "height": "min-height",
                "custom_height": {
                    "unit": "vh",
                    "size": 40,
                    "sizes": []
                },
                "custom_height_tablet": {
                    "unit": "vw",
                    "size": "",
                    "sizes": []
                },
                "custom_height_mobile": {
                    "unit": "vw",
                    "size": "",
                    "sizes": []
                },
                "background_background": "classic",
                "background_image": {
                    "url": "https:\/\/yrkit.rometheme.pro\/inet\/wp-content\/uploads\/sites\/33\/2022\/09\/S1.jpg",
                    "id": 10,
                    "alt": "",
                    "source": "library"
                },
                "background_position": "center center",
                "background_size": "cover",
                "background_overlay_background": "classic",
                "__globals__": {
                    "background_overlay_color": "globals\/colors?id=eb6d8e9"
                },
                "_title": "Top Page Section",
                "padding": {
                    "unit": "em",
                    "top": "",
                    "right": "",
                    "bottom": "",
                    "left": "",
                    "isLinked": false
                },
                "padding_tablet": {
                    "unit": "em",
                    "top": "",
                    "right": "",
                    "bottom": "",
                    "left": "",
                    "isLinked": true
                },
                "padding_mobile": {
                    "unit": "em",
                    "top": "",
                    "right": "",
                    "bottom": "",
                    "left": "",
                    "isLinked": true
                }
            },
            "elements": [
                {
                    "id": "1a2107e1",
                    "settings": {
                        "_column_size": 100,
                        "_inline_size": null,
                        "padding": {
                            "unit": "em",
                            "top": "1",
                            "right": "40",
                            "bottom": "1",
                            "left": "1",
                            "isLinked": false
                        },
                        "padding_tablet": {
                            "unit": "em",
                            "top": "1",
                            "right": "1",
                            "bottom": "1",
                            "left": "1",
                            "isLinked": true
                        },
                        "padding_mobile": {
                            "unit": "em",
                            "top": "",
                            "right": "",
                            "bottom": "",
                            "left": "",
                            "isLinked": true
                        },
                        "space_between_widgets": 5
                    },
                    "elements": [
                        {
                            "id": "5780354f",
                            "settings": {
                                "title": "Services",
                                "__globals__": {
                                    "typography_typography": "",
                                    "title_color": "globals\/colors?id=4407811"
                                },
                                "typography_font_family": "Mulish",
                                "typography_font_size": {
                                    "unit": "rem",
                                    "size": 4,
                                    "sizes": []
                                },
                                "typography_font_size_tablet": {
                                    "unit": "em",
                                    "size": "",
                                    "sizes": []
                                },
                                "typography_font_size_mobile": {
                                    "unit": "em",
                                    "size": "",
                                    "sizes": []
                                },
                                "typography_font_weight": "900",
                                "typography_text_transform": "capitalize",
                                "typography_line_height": {
                                    "unit": "em",
                                    "size": 1.2,
                                    "sizes": []
                                },
                                "typography_word_spacing": {
                                    "unit": "em",
                                    "size": "",
                                    "sizes": []
                                }
                            },
                            "elements": [],
                            "isInner": false,
                            "widgetType": "heading",
                            "elType": "widget"
                        },
                        {
                            "id": "6b05e5c",
                            "settings": {
                                "__globals__": {
                                    "text_color": "globals\/colors?id=01ef3a6"
                                },
                                "editor": "<p><a href=\"#\">Home<\/a> \/ Services<\/p>"
                            },
                            "elements": [],
                            "isInner": false,
                            "widgetType": "text-editor",
                            "elType": "widget"
                        }
                    ],
                    "isInner": false,
                    "elType": "column"
                }
            ],
            "isInner": false,
            "elType": "section"
        },
        {
            "id": "386dbc40",
            "settings": {
                "padding": {
                    "unit": "em",
                    "top": "6",
                    "right": "1",
                    "bottom": "6",
                    "left": "1",
                    "isLinked": false
                },
                "padding_tablet": {
                    "unit": "em",
                    "top": "",
                    "right": "",
                    "bottom": "",
                    "left": "",
                    "isLinked": true
                },
                "padding_mobile": {
                    "unit": "em",
                    "top": "",
                    "right": "",
                    "bottom": "",
                    "left": "",
                    "isLinked": true
                },
                "_title": "Our Services Section"
            },
            "elements": [
                {
                    "id": "1b64cf9c",
                    "settings": {
                        "_column_size": 100,
                        "_inline_size": null,
                        "padding": {
                            "unit": "em",
                            "top": "1",
                            "right": "1",
                            "bottom": "1",
                            "left": "1",
                            "isLinked": true
                        },
                        "padding_tablet": {
                            "unit": "em",
                            "top": "",
                            "right": "",
                            "bottom": "",
                            "left": "",
                            "isLinked": true
                        },
                        "padding_mobile": {
                            "unit": "em",
                            "top": "0",
                            "right": "0",
                            "bottom": "0",
                            "left": "0",
                            "isLinked": true
                        }
                    },
                    "elements": [
                        {
                            "id": "aa21ad",
                            "settings": {
                                "icon_list": [
                                    {
                                        "text": "services",
                                        "selected_icon": {
                                            "value": "fas fa-wifi",
                                            "library": "fa-solid"
                                        },
                                        "_id": "5f464dd"
                                    }
                                ],
                                "icon_align": "center",
                                "icon_size": {
                                    "unit": "px",
                                    "size": 24,
                                    "sizes": []
                                },
                                "text_indent": {
                                    "unit": "px",
                                    "size": 15,
                                    "sizes": []
                                },
                                "__globals__": {
                                    "icon_color": "globals\/colors?id=secondary",
                                    "text_color": "globals\/colors?id=secondary",
                                    "icon_typography_typography": "globals\/typography?id=4d8da36"
                                }
                            },
                            "elements": [],
                            "isInner": false,
                            "widgetType": "icon-list",
                            "elType": "widget"
                        },
                        {
                            "id": "56eb6a9a",
                            "settings": {
                                "title": "Explore Our Services",
                                "align": "center",
                                "header_size": "h3"
                            },
                            "elements": [],
                            "isInner": false,
                            "widgetType": "heading",
                            "elType": "widget"
                        },
                        {
                            "id": "79bdb874",
                            "settings": {
                                "editor": "<p>Lorem ipsum dolor sit amet, consectetur adipiscing elit, sed do eiusmod tempor incididunt ut labore et dolore magna aliqua.<\/p>",
                                "align": "center"
                            },
                            "elements": [],
                            "isInner": false,
                            "widgetType": "text-editor",
                            "elType": "widget"
                        },
                        {
                            "id": "6f3afa91",
                            "settings": {
                                "structure": "30"
                            },
                            "elements": [
                                {
                                    "id": "5ab7c337",
                                    "settings": {
                                        "_column_size": 33,
                                        "_inline_size": null,
                                        "padding": {
                                            "unit": "em",
                                            "top": "1",
                                            "right": "1",
                                            "bottom": "1",
                                            "left": "1",
                                            "isLinked": true
                                        },
                                        "padding_tablet": {
                                            "unit": "em",
                                            "top": "",
                                            "right": "",
                                            "bottom": "",
                                            "left": "",
                                            "isLinked": true
                                        },
                                        "padding_mobile": {
                                            "unit": "em",
                                            "top": "",
                                            "right": "",
                                            "bottom": "",
                                            "left": "",
                                            "isLinked": true
                                        }
                                    },
                                    "elements": [
                                        {
                                            "id": "348ac7b7",
                                            "settings": {
                                                "image": {
                                                    "url": "https:\/\/yrkit.rometheme.pro\/inet\/wp-content\/uploads\/sites\/33\/2022\/09\/Artboard-7.png",
                                                    "id": 86,
                                                    "alt": "",
                                                    "source": "library"
                                                },
                                                "title_text": "Smart Home",
                                                "description_text": "Lorem ipsum dolor sit amet, consectetur adipiscing elit, sed do eiusmod tempor incididunt ut labore et dolore magna aliqua.",
                                                "image_size": {
                                                    "unit": "%",
                                                    "size": 22,
                                                    "sizes": []
                                                },
                                                "title_typography_font_family": "Mulish",
                                                "title_typography_font_size": {
                                                    "unit": "rem",
                                                    "size": 1.6,
                                                    "sizes": []
                                                },
                                                "title_typography_font_size_tablet": {
                                                    "unit": "rem",
                                                    "size": "",
                                                    "sizes": []
                                                },
                                                "title_typography_font_size_mobile": {
                                                    "unit": "rem",
                                                    "size": "",
                                                    "sizes": []
                                                },
                                                "title_typography_font_weight": "700",
                                                "title_typography_text_transform": "capitalize",
                                                "title_typography_line_height": {
                                                    "unit": "em",
                                                    "size": "",
                                                    "sizes": []
                                                },
                                                "title_typography_word_spacing": {
                                                    "unit": "em",
                                                    "size": "",
                                                    "sizes": []
                                                },
                                                "__globals__": {
                                                    "title_color": "",
                                                    "description_color": "globals\/colors?id=d1579c8",
                                                    "title_typography_typography": ""
                                                },
                                                "title_bottom_space": {
                                                    "unit": "px",
                                                    "size": 5,
                                                    "sizes": []
                                                },
                                                "title_size": "h4",
                                                "_padding": {
                                                    "unit": "em",
                                                    "top": "1",
                                                    "right": "1",
                                                    "bottom": "1",
                                                    "left": "1",
                                                    "isLinked": true
                                                },
                                                "_padding_tablet": {
                                                    "unit": "em",
                                                    "top": "",
                                                    "right": "",
                                                    "bottom": "",
                                                    "left": "",
                                                    "isLinked": true
                                                },
                                                "_padding_mobile": {
                                                    "unit": "em",
                                                    "top": "",
                                                    "right": "",
                                                    "bottom": "",
                                                    "left": "",
                                                    "isLinked": true
                                                }
                                            },
                                            "elements": [],
                                            "isInner": false,
                                            "widgetType": "image-box",
                                            "elType": "widget"
                                        }
                                    ],
                                    "isInner": true,
                                    "elType": "column"
                                },
                                {
                                    "id": "681ad4be",
                                    "settings": {
                                        "_column_size": 33,
                                        "_inline_size": null,
                                        "padding": {
                                            "unit": "em",
                                            "top": "1",
                                            "right": "1",
                                            "bottom": "1",
                                            "left": "1",
                                            "isLinked": true
                                        },
                                        "padding_tablet": {
                                            "unit": "em",
                                            "top": "",
                                            "right": "",
                                            "bottom": "",
                                            "left": "",
                                            "isLinked": true
                                        },
                                        "padding_mobile": {
                                            "unit": "em",
                                            "top": "",
                                            "right": "",
                                            "bottom": "",
                                            "left": "",
                                            "isLinked": true
                                        }
                                    },
                                    "elements": [
                                        {
                                            "id": "6bf3f0c0",
                                            "settings": {
                                                "image": {
                                                    "url": "https:\/\/yrkit.rometheme.pro\/inet\/wp-content\/uploads\/sites\/33\/2022\/09\/Artboard-9.png",
                                                    "id": 87,
                                                    "alt": "",
                                                    "source": "library"
                                                },
                                                "title_text": "TV & Streaming",
                                                "description_text": "Lorem ipsum dolor sit amet, consectetur adipiscing elit, sed do eiusmod tempor incididunt ut labore et dolore magna aliqua.",
                                                "image_size": {
                                                    "unit": "%",
                                                    "size": 22,
                                                    "sizes": []
                                                },
                                                "__globals__": {
                                                    "title_typography_typography": "",
                                                    "title_color": "",
                                                    "description_color": "globals\/colors?id=d1579c8"
                                                },
                                                "title_bottom_space": {
                                                    "unit": "px",
                                                    "size": 5,
                                                    "sizes": []
                                                },
                                                "title_typography_font_family": "Mulish",
                                                "title_typography_font_size": {
                                                    "unit": "rem",
                                                    "size": 1.6,
                                                    "sizes": []
                                                },
                                                "title_typography_font_size_tablet": {
                                                    "unit": "rem",
                                                    "size": "",
                                                    "sizes": []
                                                },
                                                "title_typography_font_size_mobile": {
                                                    "unit": "rem",
                                                    "size": "",
                                                    "sizes": []
                                                },
                                                "title_typography_font_weight": "700",
                                                "title_typography_text_transform": "capitalize",
                                                "title_typography_line_height": {
                                                    "unit": "em",
                                                    "size": "",
                                                    "sizes": []
                                                },
                                                "title_typography_word_spacing": {
                                                    "unit": "em",
                                                    "size": "",
                                                    "sizes": []
                                                },
                                                "title_size": "h4",
                                                "_padding": {
                                                    "unit": "em",
                                                    "top": "1",
                                                    "right": "1",
                                                    "bottom": "1",
                                                    "left": "1",
                                                    "isLinked": true
                                                },
                                                "_padding_tablet": {
                                                    "unit": "em",
                                                    "top": "",
                                                    "right": "",
                                                    "bottom": "",
                                                    "left": "",
                                                    "isLinked": true
                                                },
                                                "_padding_mobile": {
                                                    "unit": "em",
                                                    "top": "",
                                                    "right": "",
                                                    "bottom": "",
                                                    "left": "",
                                                    "isLinked": true
                                                }
                                            },
                                            "elements": [],
                                            "isInner": false,
                                            "widgetType": "image-box",
                                            "elType": "widget"
                                        }
                                    ],
                                    "isInner": true,
                                    "elType": "column"
                                },
                                {
                                    "id": "73d6de5b",
                                    "settings": {
                                        "_column_size": 33,
                                        "_inline_size": null,
                                        "padding": {
                                            "unit": "em",
                                            "top": "1",
                                            "right": "1",
                                            "bottom": "1",
                                            "left": "1",
                                            "isLinked": true
                                        },
                                        "padding_tablet": {
                                            "unit": "em",
                                            "top": "",
                                            "right": "",
                                            "bottom": "",
                                            "left": "",
                                            "isLinked": true
                                        },
                                        "padding_mobile": {
                                            "unit": "em",
                                            "top": "",
                                            "right": "",
                                            "bottom": "",
                                            "left": "",
                                            "isLinked": true
                                        }
                                    },
                                    "elements": [
                                        {
                                            "id": "19adddc2",
                                            "settings": {
                                                "image": {
                                                    "url": "https:\/\/yrkit.rometheme.pro\/inet\/wp-content\/uploads\/sites\/33\/2022\/09\/Artboard-2.png",
                                                    "id": 84,
                                                    "alt": "",
                                                    "source": "library"
                                                },
                                                "title_text": "Wifi Internet",
                                                "description_text": "Lorem ipsum dolor sit amet, consectetur adipiscing elit, sed do eiusmod tempor incididunt ut labore et dolore magna aliqua.",
                                                "image_size": {
                                                    "unit": "%",
                                                    "size": 22,
                                                    "sizes": []
                                                },
                                                "__globals__": {
                                                    "title_typography_typography": "",
                                                    "title_color": "",
                                                    "description_color": "globals\/colors?id=d1579c8"
                                                },
                                                "title_bottom_space": {
                                                    "unit": "px",
                                                    "size": 5,
                                                    "sizes": []
                                                },
                                                "title_typography_font_family": "Mulish",
                                                "title_typography_font_size": {
                                                    "unit": "rem",
                                                    "size": 1.6,
                                                    "sizes": []
                                                },
                                                "title_typography_font_size_tablet": {
                                                    "unit": "rem",
                                                    "size": "",
                                                    "sizes": []
                                                },
                                                "title_typography_font_size_mobile": {
                                                    "unit": "rem",
                                                    "size": "",
                                                    "sizes": []
                                                },
                                                "title_typography_font_weight": "700",
                                                "title_typography_text_transform": "capitalize",
                                                "title_typography_line_height": {
                                                    "unit": "em",
                                                    "size": "",
                                                    "sizes": []
                                                },
                                                "title_typography_word_spacing": {
                                                    "unit": "em",
                                                    "size": "",
                                                    "sizes": []
                                                },
                                                "title_size": "h4",
                                                "_padding": {
                                                    "unit": "em",
                                                    "top": "1",
                                                    "right": "1",
                                                    "bottom": "1",
                                                    "left": "1",
                                                    "isLinked": true
                                                },
                                                "_padding_tablet": {
                                                    "unit": "em",
                                                    "top": "",
                                                    "right": "",
                                                    "bottom": "",
                                                    "left": "",
                                                    "isLinked": true
                                                },
                                                "_padding_mobile": {
                                                    "unit": "em",
                                                    "top": "",
                                                    "right": "",
                                                    "bottom": "",
                                                    "left": "",
                                                    "isLinked": true
                                                }
                                            },
                                            "elements": [],
                                            "isInner": false,
                                            "widgetType": "image-box",
                                            "elType": "widget"
                                        }
                                    ],
                                    "isInner": true,
                                    "elType": "column"
                                }
                            ],
                            "isInner": true,
                            "elType": "section"
                        },
                        {
                            "id": "4e15f57c",
                            "settings": {
                                "structure": "30"
                            },
                            "elements": [
                                {
                                    "id": "369e5505",
                                    "settings": {
                                        "_column_size": 33,
                                        "_inline_size": null,
                                        "padding": {
                                            "unit": "em",
                                            "top": "1",
                                            "right": "1",
                                            "bottom": "1",
                                            "left": "1",
                                            "isLinked": true
                                        },
                                        "padding_tablet": {
                                            "unit": "em",
                                            "top": "",
                                            "right": "",
                                            "bottom": "",
                                            "left": "",
                                            "isLinked": true
                                        },
                                        "padding_mobile": {
                                            "unit": "em",
                                            "top": "",
                                            "right": "",
                                            "bottom": "",
                                            "left": "",
                                            "isLinked": true
                                        }
                                    },
                                    "elements": [
                                        {
                                            "id": "24c13d3a",
                                            "settings": {
                                                "image": {
                                                    "url": "https:\/\/yrkit.rometheme.pro\/inet\/wp-content\/uploads\/sites\/33\/2022\/09\/Artboard-4.png",
                                                    "id": 85,
                                                    "alt": "",
                                                    "source": "library"
                                                },
                                                "title_text": "Security Smart",
                                                "description_text": "Lorem ipsum dolor sit amet, consectetur adipiscing elit, sed do eiusmod tempor incididunt ut labore et dolore magna aliqua.",
                                                "image_size": {
                                                    "unit": "%",
                                                    "size": 22,
                                                    "sizes": []
                                                },
                                                "title_typography_font_family": "Mulish",
                                                "title_typography_font_size": {
                                                    "unit": "rem",
                                                    "size": 1.6,
                                                    "sizes": []
                                                },
                                                "title_typography_font_size_tablet": {
                                                    "unit": "rem",
                                                    "size": "",
                                                    "sizes": []
                                                },
                                                "title_typography_font_size_mobile": {
                                                    "unit": "rem",
                                                    "size": "",
                                                    "sizes": []
                                                },
                                                "title_typography_font_weight": "700",
                                                "title_typography_text_transform": "capitalize",
                                                "title_typography_line_height": {
                                                    "unit": "em",
                                                    "size": "",
                                                    "sizes": []
                                                },
                                                "title_typography_word_spacing": {
                                                    "unit": "em",
                                                    "size": "",
                                                    "sizes": []
                                                },
                                                "__globals__": {
                                                    "title_color": "",
                                                    "description_color": "globals\/colors?id=d1579c8",
                                                    "title_typography_typography": ""
                                                },
                                                "title_bottom_space": {
                                                    "unit": "px",
                                                    "size": 5,
                                                    "sizes": []
                                                },
                                                "title_size": "h4",
                                                "_padding": {
                                                    "unit": "em",
                                                    "top": "1",
                                                    "right": "1",
                                                    "bottom": "1",
                                                    "left": "1",
                                                    "isLinked": true
                                                },
                                                "_padding_tablet": {
                                                    "unit": "em",
                                                    "top": "",
                                                    "right": "",
                                                    "bottom": "",
                                                    "left": "",
                                                    "isLinked": true
                                                },
                                                "_padding_mobile": {
                                                    "unit": "em",
                                                    "top": "",
                                                    "right": "",
                                                    "bottom": "",
                                                    "left": "",
                                                    "isLinked": true
                                                }
                                            },
                                            "elements": [],
                                            "isInner": false,
                                            "widgetType": "image-box",
                                            "elType": "widget"
                                        }
                                    ],
                                    "isInner": true,
                                    "elType": "column"
                                },
                                {
                                    "id": "11a5bd4",
                                    "settings": {
                                        "_column_size": 33,
                                        "_inline_size": null,
                                        "padding": {
                                            "unit": "em",
                                            "top": "1",
                                            "right": "1",
                                            "bottom": "1",
                                            "left": "1",
                                            "isLinked": true
                                        },
                                        "padding_tablet": {
                                            "unit": "em",
                                            "top": "",
                                            "right": "",
                                            "bottom": "",
                                            "left": "",
                                            "isLinked": true
                                        },
                                        "padding_mobile": {
                                            "unit": "em",
                                            "top": "",
                                            "right": "",
                                            "bottom": "",
                                            "left": "",
                                            "isLinked": true
                                        }
                                    },
                                    "elements": [
                                        {
                                            "id": "428bfbbe",
                                            "settings": {
                                                "image": {
                                                    "url": "https:\/\/yrkit.rometheme.pro\/inet\/wp-content\/uploads\/sites\/33\/2022\/09\/Artboard-1.png",
                                                    "id": 83,
                                                    "alt": "",
                                                    "source": "library"
                                                },
                                                "title_text": "Smart Home",
                                                "description_text": "Lorem ipsum dolor sit amet, consectetur adipiscing elit, sed do eiusmod tempor incididunt ut labore et dolore magna aliqua.",
                                                "image_size": {
                                                    "unit": "%",
                                                    "size": 22,
                                                    "sizes": []
                                                },
                                                "__globals__": {
                                                    "title_typography_typography": "",
                                                    "title_color": "",
                                                    "description_color": "globals\/colors?id=d1579c8"
                                                },
                                                "title_bottom_space": {
                                                    "unit": "px",
                                                    "size": 5,
                                                    "sizes": []
                                                },
                                                "title_typography_font_family": "Mulish",
                                                "title_typography_font_size": {
                                                    "unit": "rem",
                                                    "size": 1.6,
                                                    "sizes": []
                                                },
                                                "title_typography_font_size_tablet": {
                                                    "unit": "rem",
                                                    "size": "",
                                                    "sizes": []
                                                },
                                                "title_typography_font_size_mobile": {
                                                    "unit": "rem",
                                                    "size": "",
                                                    "sizes": []
                                                },
                                                "title_typography_font_weight": "700",
                                                "title_typography_text_transform": "capitalize",
                                                "title_typography_line_height": {
                                                    "unit": "em",
                                                    "size": "",
                                                    "sizes": []
                                                },
                                                "title_typography_word_spacing": {
                                                    "unit": "em",
                                                    "size": "",
                                                    "sizes": []
                                                },
                                                "title_size": "h4",
                                                "_padding": {
                                                    "unit": "em",
                                                    "top": "1",
                                                    "right": "1",
                                                    "bottom": "1",
                                                    "left": "1",
                                                    "isLinked": true
                                                },
                                                "_padding_tablet": {
                                                    "unit": "em",
                                                    "top": "",
                                                    "right": "",
                                                    "bottom": "",
                                                    "left": "",
                                                    "isLinked": true
                                                },
                                                "_padding_mobile": {
                                                    "unit": "em",
                                                    "top": "",
                                                    "right": "",
                                                    "bottom": "",
                                                    "left": "",
                                                    "isLinked": true
                                                }
                                            },
                                            "elements": [],
                                            "isInner": false,
                                            "widgetType": "image-box",
                                            "elType": "widget"
                                        }
                                    ],
                                    "isInner": true,
                                    "elType": "column"
                                },
                                {
                                    "id": "45feede",
                                    "settings": {
                                        "_column_size": 33,
                                        "_inline_size": null,
                                        "padding": {
                                            "unit": "em",
                                            "top": "1",
                                            "right": "1",
                                            "bottom": "1",
                                            "left": "1",
                                            "isLinked": true
                                        },
                                        "padding_tablet": {
                                            "unit": "em",
                                            "top": "",
                                            "right": "",
                                            "bottom": "",
                                            "left": "",
                                            "isLinked": true
                                        },
                                        "padding_mobile": {
                                            "unit": "em",
                                            "top": "",
                                            "right": "",
                                            "bottom": "",
                                            "left": "",
                                            "isLinked": true
                                        }
                                    },
                                    "elements": [
                                        {
                                            "id": "1bb19695",
                                            "settings": {
                                                "image": {
                                                    "url": "https:\/\/yrkit.rometheme.pro\/inet\/wp-content\/uploads\/sites\/33\/2022\/10\/Artboard-39.png",
                                                    "id": 315,
                                                    "alt": "",
                                                    "source": "library"
                                                },
                                                "title_text": "Drone System",
                                                "description_text": "Lorem ipsum dolor sit amet, consectetur adipiscing elit, sed do eiusmod tempor incididunt ut labore et dolore magna aliqua.",
                                                "image_size": {
                                                    "unit": "%",
                                                    "size": 22,
                                                    "sizes": []
                                                },
                                                "__globals__": {
                                                    "title_typography_typography": "",
                                                    "title_color": "",
                                                    "description_color": "globals\/colors?id=d1579c8"
                                                },
                                                "title_bottom_space": {
                                                    "unit": "px",
                                                    "size": 5,
                                                    "sizes": []
                                                },
                                                "title_typography_font_family": "Mulish",
                                                "title_typography_font_size": {
                                                    "unit": "rem",
                                                    "size": 1.6,
                                                    "sizes": []
                                                },
                                                "title_typography_font_size_tablet": {
                                                    "unit": "rem",
                                                    "size": "",
                                                    "sizes": []
                                                },
                                                "title_typography_font_size_mobile": {
                                                    "unit": "rem",
                                                    "size": "",
                                                    "sizes": []
                                                },
                                                "title_typography_font_weight": "700",
                                                "title_typography_text_transform": "capitalize",
                                                "title_typography_line_height": {
                                                    "unit": "em",
                                                    "size": "",
                                                    "sizes": []
                                                },
                                                "title_typography_word_spacing": {
                                                    "unit": "em",
                                                    "size": "",
                                                    "sizes": []
                                                },
                                                "title_size": "h4",
                                                "_padding": {
                                                    "unit": "em",
                                                    "top": "1",
                                                    "right": "1",
                                                    "bottom": "1",
                                                    "left": "1",
                                                    "isLinked": true
                                                },
                                                "_padding_tablet": {
                                                    "unit": "em",
                                                    "top": "",
                                                    "right": "",
                                                    "bottom": "",
                                                    "left": "",
                                                    "isLinked": true
                                                },
                                                "_padding_mobile": {
                                                    "unit": "em",
                                                    "top": "",
                                                    "right": "",
                                                    "bottom": "",
                                                    "left": "",
                                                    "isLinked": true
                                                }
                                            },
                                            "elements": [],
                                            "isInner": false,
                                            "widgetType": "image-box",
                                            "elType": "widget"
                                        }
                                    ],
                                    "isInner": true,
                                    "elType": "column"
                                }
                            ],
                            "isInner": true,
                            "elType": "section"
                        }
                    ],
                    "isInner": false,
                    "elType": "column"
                }
            ],
            "isInner": false,
            "elType": "section"
        },
        {
            "id": "5c20daad",
            "settings": {
                "layout": "full_width",
                "gap": "no",
                "structure": "20",
                "background_background": "classic",
                "__globals__": {
                    "background_color": "globals\/colors?id=b5800ba"
                },
                "background_image": {
                    "url": "https:\/\/yrkit.rometheme.pro\/inet\/wp-content\/uploads\/sites\/33\/2022\/09\/s6.jpg",
                    "id": 96,
                    "alt": "",
                    "source": "library"
                },
                "background_position": "center right",
                "background_size": "cover",
                "_title": "Why Choose Us Section"
            },
            "elements": [
                {
                    "id": "678763a6",
                    "settings": {
                        "_column_size": 50,
                        "_inline_size": null,
                        "background_background": "classic",
                        "background_image": {
                            "url": "",
                            "id": "",
                            "alt": "",
                            "source": "library"
                        },
                        "background_position": "center center",
                        "background_size": "cover",
                        "background_overlay_opacity": {
                            "unit": "px",
                            "size": 0.84,
                            "sizes": []
                        },
                        "__globals__": {
                            "background_overlay_color": "globals\/colors?id=4407811"
                        },
                        "hide_tablet": "hidden-tablet"
                    },
                    "elements": [],
                    "isInner": false,
                    "elType": "column"
                },
                {
                    "id": "1df555b7",
                    "settings": {
                        "_column_size": 50,
                        "_inline_size": null,
                        "padding": {
                            "unit": "em",
                            "top": "6",
                            "right": "24",
                            "bottom": "6",
                            "left": "4",
                            "isLinked": false
                        },
                        "padding_tablet": {
                            "unit": "em",
                            "top": "6",
                            "right": "1",
                            "bottom": "6",
                            "left": "1",
                            "isLinked": false
                        },
                        "padding_mobile": {
                            "unit": "em",
                            "top": "",
                            "right": "",
                            "bottom": "",
                            "left": "",
                            "isLinked": true
                        },
                        "background_background": "classic",
                        "background_color": "#EDE5DBED",
                        "__globals__": {
                            "background_color": ""
                        },
                        "_inline_size_tablet": 100
                    },
                    "elements": [
                        {
                            "id": "7127c97d",
                            "settings": {
                                "icon_list": [
                                    {
                                        "text": "Why Choose Us",
                                        "selected_icon": {
                                            "value": "fas fa-wifi",
                                            "library": "fa-solid"
                                        },
                                        "_id": "5f464dd"
                                    }
                                ],
                                "icon_align": "left",
                                "icon_size": {
                                    "unit": "px",
                                    "size": 24,
                                    "sizes": []
                                },
                                "text_indent": {
                                    "unit": "px",
                                    "size": 15,
                                    "sizes": []
                                },
                                "__globals__": {
                                    "icon_color": "globals\/colors?id=secondary",
                                    "text_color": "globals\/colors?id=secondary",
                                    "icon_typography_typography": "globals\/typography?id=4d8da36"
                                }
                            },
                            "elements": [],
                            "isInner": false,
                            "widgetType": "icon-list",
                            "elType": "widget"
                        },
                        {
                            "id": "51110e0d",
                            "settings": {
                                "title": "Unlimited TV and Ultra Fast Speed Internet",
                                "header_size": "h3"
                            },
                            "elements": [],
                            "isInner": false,
                            "widgetType": "heading",
                            "elType": "widget"
                        },
                        {
                            "id": "7f81db34",
                            "settings": {
                                "editor": "<p>Lorem ipsum dolor sit amet, consectetur adipiscing elit, sed do eiusmod tempor incididunt ut labore et dolore magna aliqua.\u00a0<\/p>"
                            },
                            "elements": [],
                            "isInner": false,
                            "widgetType": "text-editor",
                            "elType": "widget"
                        },
                        {
                            "id": "649df5eb",
                            "settings": {
                                "selected_icon": {
                                    "value": "fas fa-comment-dollar",
                                    "library": "fa-solid"
                                },
                                "view": "stacked",
                                "title_text": "Affordable Price",
                                "description_text": "Lorem ipsum dolor sit amet, consectetur adipiscing elit. Ut elit tellus, luctus nec ullamcorper mattis.",
                                "position": "left",
                                "icon_size": {
                                    "unit": "px",
                                    "size": 28,
                                    "sizes": []
                                },
                                "title_bottom_space": {
                                    "unit": "px",
                                    "size": 3,
                                    "sizes": []
                                },
                                "__globals__": {
                                    "primary_color": "globals\/colors?id=eb6d8e9",
                                    "hover_secondary_color": "globals\/colors?id=4407811"
                                },
                                "title_size": "h4"
                            },
                            "elements": [],
                            "isInner": false,
                            "widgetType": "icon-box",
                            "elType": "widget"
                        },
                        {
                            "id": "eff7f99",
                            "settings": {
                                "selected_icon": {
                                    "value": "fas fa-users",
                                    "library": "fa-solid"
                                },
                                "view": "stacked",
                                "title_text": "Professional Team",
                                "description_text": "Lorem ipsum dolor sit amet, consectetur adipiscing elit. Ut elit tellus, luctus nec ullamcorper mattis.",
                                "position": "left",
                                "icon_size": {
                                    "unit": "px",
                                    "size": 28,
                                    "sizes": []
                                },
                                "title_bottom_space": {
                                    "unit": "px",
                                    "size": 3,
                                    "sizes": []
                                },
                                "__globals__": {
                                    "primary_color": "globals\/colors?id=eb6d8e9",
                                    "hover_secondary_color": "globals\/colors?id=4407811"
                                },
                                "title_size": "h4"
                            },
                            "elements": [],
                            "isInner": false,
                            "widgetType": "icon-box",
                            "elType": "widget"
                        },
                        {
                            "id": "162a91c4",
                            "settings": {
                                "selected_icon": {
                                    "value": "far fa-comments",
                                    "library": "fa-regular"
                                },
                                "view": "stacked",
                                "title_text": "24\/7 Support",
                                "description_text": "Lorem ipsum dolor sit amet, consectetur adipiscing elit. Ut elit tellus, luctus nec ullamcorper mattis.",
                                "position": "left",
                                "icon_size": {
                                    "unit": "px",
                                    "size": 28,
                                    "sizes": []
                                },
                                "title_bottom_space": {
                                    "unit": "px",
                                    "size": 3,
                                    "sizes": []
                                },
                                "__globals__": {
                                    "primary_color": "globals\/colors?id=eb6d8e9",
                                    "hover_secondary_color": "globals\/colors?id=4407811"
                                },
                                "title_size": "h4"
                            },
                            "elements": [],
                            "isInner": false,
                            "widgetType": "icon-box",
                            "elType": "widget"
                        }
                    ],
                    "isInner": false,
                    "elType": "column"
                }
            ],
            "isInner": false,
            "elType": "section"
        },
        {
            "id": "4c60156",
            "settings": {
                "background_background": "classic",
                "background_image": {
                    "url": "https:\/\/yrkit.rometheme.pro\/inet\/wp-content\/uploads\/sites\/33\/2022\/09\/s4.jpg",
                    "id": 21,
                    "alt": "",
                    "source": "library"
                },
                "background_position": "center center",
                "background_size": "cover",
                "background_overlay_background": "gradient",
                "padding": {
                    "unit": "em",
                    "top": "6",
                    "right": "1",
                    "bottom": "6",
                    "left": "1",
                    "isLinked": false
                },
                "padding_tablet": {
                    "unit": "em",
                    "top": "",
                    "right": "",
                    "bottom": "",
                    "left": "",
                    "isLinked": true
                },
                "padding_mobile": {
                    "unit": "em",
                    "top": "",
                    "right": "",
                    "bottom": "",
                    "left": "",
                    "isLinked": true
                },
                "__globals__": {
                    "background_overlay_color": "globals\/colors?id=primary",
                    "background_overlay_color_b": ""
                },
                "background_overlay_opacity": {
                    "unit": "px",
                    "size": 1,
                    "sizes": []
                },
                "background_overlay_color": "#FAAD1E",
                "background_overlay_color_stop": {
                    "unit": "%",
                    "size": 30,
                    "sizes": []
                },
                "background_overlay_color_b": "#752998C7",
                "background_overlay_color_b_stop": {
                    "unit": "%",
                    "size": 30,
                    "sizes": []
                },
                "background_overlay_gradient_angle": {
                    "unit": "deg",
                    "size": 130,
                    "sizes": []
                },
                "_title": "CTA Section"
            },
            "elements": [
                {
                    "id": "34b99073",
                    "settings": {
                        "_column_size": 100,
                        "_inline_size": null,
                        "padding": {
                            "unit": "em",
                            "top": "1",
                            "right": "1",
                            "bottom": "1",
                            "left": "1",
                            "isLinked": true
                        },
                        "padding_tablet": {
                            "unit": "em",
                            "top": "",
                            "right": "",
                            "bottom": "",
                            "left": "",
                            "isLinked": true
                        },
                        "padding_mobile": {
                            "unit": "em",
                            "top": "",
                            "right": "",
                            "bottom": "",
                            "left": "",
                            "isLinked": true
                        }
                    },
                    "elements": [
                        {
                            "id": "1e240dcb",
                            "settings": {
                                "title": "Get 100Mbps Internet +<br> TV Box 150+ Channels",
                                "align": "center",
                                "__globals__": {
                                    "title_color": "globals\/colors?id=4407811"
                                },
                                "header_size": "h1"
                            },
                            "elements": [],
                            "isInner": false,
                            "widgetType": "heading",
                            "elType": "widget"
                        },
                        {
                            "id": "4d61c060",
                            "settings": {
                                "editor": "<p>Fast internet connection and high-quality support are only several of much<br \/>more benefits we offer to our clients<\/p>",
                                "align": "center",
                                "__globals__": {
                                    "text_color": "globals\/colors?id=4407811"
                                }
                            },
                            "elements": [],
                            "isInner": false,
                            "widgetType": "text-editor",
                            "elType": "widget"
                        },
                        {
                            "id": "55f3d2de",
                            "settings": {
                                "structure": "20",
                                "gap": "no",
                                "padding": {
                                    "unit": "em",
                                    "top": "",
                                    "right": "",
                                    "bottom": "",
                                    "left": "",
                                    "isLinked": true
                                },
                                "padding_tablet": {
                                    "unit": "em",
                                    "top": "",
                                    "right": "",
                                    "bottom": "",
                                    "left": "",
                                    "isLinked": true
                                },
                                "padding_mobile": {
                                    "unit": "em",
                                    "top": "",
                                    "right": "",
                                    "bottom": "",
                                    "left": "",
                                    "isLinked": true
                                }
                            },
                            "elements": [
                                {
                                    "id": "38f97ea8",
                                    "settings": {
                                        "_column_size": 50,
                                        "_inline_size": null
                                    },
                                    "elements": [
                                        {
                                            "id": "71abcf15",
                                            "settings": {
                                                "title": "only $59.99 \/ mo",
                                                "align": "right",
                                                "__globals__": {
                                                    "title_color": "globals\/colors?id=primary"
                                                },
                                                "_padding": {
                                                    "unit": "em",
                                                    "top": "0",
                                                    "right": "1",
                                                    "bottom": "0",
                                                    "left": "0",
                                                    "isLinked": false
                                                },
                                                "_padding_tablet": {
                                                    "unit": "em",
                                                    "top": "",
                                                    "right": "",
                                                    "bottom": "",
                                                    "left": "",
                                                    "isLinked": true
                                                },
                                                "_padding_mobile": {
                                                    "unit": "em",
                                                    "top": "",
                                                    "right": "",
                                                    "bottom": "",
                                                    "left": "",
                                                    "isLinked": true
                                                },
                                                "header_size": "h4"
                                            },
                                            "elements": [],
                                            "isInner": false,
                                            "widgetType": "heading",
                                            "elType": "widget"
                                        }
                                    ],
                                    "isInner": true,
                                    "elType": "column"
                                },
                                {
                                    "id": "5905f5cc",
                                    "settings": {
                                        "_column_size": 50,
                                        "_inline_size": null,
                                        "padding": {
                                            "unit": "em",
                                            "top": "0",
                                            "right": "0",
                                            "bottom": "0",
                                            "left": "1",
                                            "isLinked": false
                                        },
                                        "padding_tablet": {
                                            "unit": "em",
                                            "top": "",
                                            "right": "",
                                            "bottom": "",
                                            "left": "",
                                            "isLinked": true
                                        },
                                        "padding_mobile": {
                                            "unit": "em",
                                            "top": "",
                                            "right": "",
                                            "bottom": "",
                                            "left": "",
                                            "isLinked": true
                                        }
                                    },
                                    "elements": [
                                        {
                                            "id": "3ab96595",
                                            "settings": {
                                                "selected_icon": {
                                                    "value": "fas fa-phone-volume",
                                                    "library": "fa-solid"
                                                },
                                                "view": "stacked",
                                                "title_text": "Try free for 1 month",
                                                "description_text": "Call Us Today",
                                                "position": "left",
                                                "title_size": "h4",
                                                "icon_size": {
                                                    "unit": "px",
                                                    "size": 26,
                                                    "sizes": []
                                                },
                                                "content_vertical_alignment": "middle",
                                                "title_bottom_space": {
                                                    "unit": "px",
                                                    "size": 0,
                                                    "sizes": []
                                                },
                                                "title_color": "#111111",
                                                "__globals__": {
                                                    "title_color": "globals\/colors?id=4407811",
                                                    "title_typography_typography": "globals\/typography?id=66cf9be",
                                                    "description_color": "globals\/colors?id=4407811",
                                                    "primary_color": "globals\/colors?id=secondary",
                                                    "hover_secondary_color": "globals\/colors?id=4407811"
                                                }
                                            },
                                            "elements": [],
                                            "isInner": false,
                                            "widgetType": "icon-box",
                                            "elType": "widget"
                                        }
                                    ],
                                    "isInner": true,
                                    "elType": "column"
                                }
                            ],
                            "isInner": true,
                            "elType": "section"
                        }
                    ],
                    "isInner": false,
                    "elType": "column"
                }
            ],
            "isInner": false,
            "elType": "section"
        }
    ]
}