{
    "version": "0.4",
    "title": "Team Member",
    "type": "page",
    "metadata": {
        "template_type": "single-page",
        "include_in_zip": "1",
        "elementor_pro_required": null,
        "wp_page_template": "elementor_header_footer"
    },
    "content": [
        {
            "id": "63d5de78",
            "settings": {
                "height": "min-height",
                "custom_height": {
                    "unit": "vh",
                    "size": 40,
                    "sizes": []
                },
                "custom_height_tablet": {
                    "unit": "vw",
                    "size": "",
                    "sizes": []
                },
                "custom_height_mobile": {
                    "unit": "vw",
                    "size": "",
                    "sizes": []
                },
                "background_background": "classic",
                "background_image": {
                    "url": "https:\/\/yrkit.rometheme.pro\/inet\/wp-content\/uploads\/sites\/33\/2022\/09\/S1.jpg",
                    "id": 10,
                    "alt": "",
                    "source": "library"
                },
                "background_position": "center center",
                "background_size": "cover",
                "background_overlay_background": "classic",
                "__globals__": {
                    "background_overlay_color": "globals\/colors?id=eb6d8e9"
                },
                "_title": "Top Page Section",
                "padding": {
                    "unit": "em",
                    "top": "",
                    "right": "",
                    "bottom": "",
                    "left": "",
                    "isLinked": false
                },
                "padding_tablet": {
                    "unit": "em",
                    "top": "",
                    "right": "",
                    "bottom": "",
                    "left": "",
                    "isLinked": true
                },
                "padding_mobile": {
                    "unit": "em",
                    "top": "",
                    "right": "",
                    "bottom": "",
                    "left": "",
                    "isLinked": true
                }
            },
            "elements": [
                {
                    "id": "5993ba0b",
                    "settings": {
                        "_column_size": 100,
                        "_inline_size": null,
                        "padding": {
                            "unit": "em",
                            "top": "1",
                            "right": "40",
                            "bottom": "1",
                            "left": "1",
                            "isLinked": false
                        },
                        "padding_tablet": {
                            "unit": "em",
                            "top": "1",
                            "right": "1",
                            "bottom": "1",
                            "left": "1",
                            "isLinked": true
                        },
                        "padding_mobile": {
                            "unit": "em",
                            "top": "",
                            "right": "",
                            "bottom": "",
                            "left": "",
                            "isLinked": true
                        },
                        "space_between_widgets": 5
                    },
                    "elements": [
                        {
                            "id": "4d19e425",
                            "settings": {
                                "title": "Our Team",
                                "__globals__": {
                                    "typography_typography": "",
                                    "title_color": "globals\/colors?id=4407811"
                                },
                                "typography_font_family": "Mulish",
                                "typography_font_size": {
                                    "unit": "rem",
                                    "size": 4,
                                    "sizes": []
                                },
                                "typography_font_size_tablet": {
                                    "unit": "em",
                                    "size": "",
                                    "sizes": []
                                },
                                "typography_font_size_mobile": {
                                    "unit": "em",
                                    "size": "",
                                    "sizes": []
                                },
                                "typography_font_weight": "900",
                                "typography_text_transform": "capitalize",
                                "typography_line_height": {
                                    "unit": "em",
                                    "size": 1.2,
                                    "sizes": []
                                },
                                "typography_word_spacing": {
                                    "unit": "em",
                                    "size": "",
                                    "sizes": []
                                }
                            },
                            "elements": [],
                            "isInner": false,
                            "widgetType": "heading",
                            "elType": "widget"
                        },
                        {
                            "id": "40b7e47f",
                            "settings": {
                                "__globals__": {
                                    "text_color": "globals\/colors?id=01ef3a6"
                                },
                                "editor": "<p><a href=\"#\">Home<\/a> \/ Our Team<\/p>"
                            },
                            "elements": [],
                            "isInner": false,
                            "widgetType": "text-editor",
                            "elType": "widget"
                        }
                    ],
                    "isInner": false,
                    "elType": "column"
                }
            ],
            "isInner": false,
            "elType": "section"
        },
        {
            "id": "5e1302c5",
            "settings": {
                "padding": {
                    "unit": "em",
                    "top": "6",
                    "right": "1",
                    "bottom": "6",
                    "left": "1",
                    "isLinked": false
                },
                "padding_tablet": {
                    "unit": "em",
                    "top": "",
                    "right": "",
                    "bottom": "",
                    "left": "",
                    "isLinked": true
                },
                "padding_mobile": {
                    "unit": "em",
                    "top": "",
                    "right": "",
                    "bottom": "",
                    "left": "",
                    "isLinked": true
                },
                "_title": "Our Team Section"
            },
            "elements": [
                {
                    "id": "45836cad",
                    "settings": {
                        "_column_size": 100,
                        "_inline_size": null,
                        "padding": {
                            "unit": "em",
                            "top": "1",
                            "right": "1",
                            "bottom": "1",
                            "left": "1",
                            "isLinked": true
                        },
                        "padding_tablet": {
                            "unit": "em",
                            "top": "",
                            "right": "",
                            "bottom": "",
                            "left": "",
                            "isLinked": true
                        },
                        "padding_mobile": {
                            "unit": "em",
                            "top": "0",
                            "right": "0",
                            "bottom": "0",
                            "left": "0",
                            "isLinked": true
                        }
                    },
                    "elements": [
                        {
                            "id": "26623744",
                            "settings": {
                                "icon_list": [
                                    {
                                        "text": "Our Team",
                                        "selected_icon": {
                                            "value": "fas fa-wifi",
                                            "library": "fa-solid"
                                        },
                                        "_id": "5f464dd"
                                    }
                                ],
                                "icon_align": "center",
                                "icon_size": {
                                    "unit": "px",
                                    "size": 24,
                                    "sizes": []
                                },
                                "text_indent": {
                                    "unit": "px",
                                    "size": 15,
                                    "sizes": []
                                },
                                "__globals__": {
                                    "icon_color": "globals\/colors?id=secondary",
                                    "text_color": "globals\/colors?id=secondary",
                                    "icon_typography_typography": "globals\/typography?id=4d8da36"
                                }
                            },
                            "elements": [],
                            "isInner": false,
                            "widgetType": "icon-list",
                            "elType": "widget"
                        },
                        {
                            "id": "110994dd",
                            "settings": {
                                "title": "Meet Our Expert Team",
                                "align": "center",
                                "header_size": "h3"
                            },
                            "elements": [],
                            "isInner": false,
                            "widgetType": "heading",
                            "elType": "widget"
                        },
                        {
                            "id": "1297c39e",
                            "settings": {
                                "editor": "<p>Lorem ipsum dolor sit amet, consectetur adipiscing elit, sed do eiusmod tempor incididunt ut labore et dolore magna aliqua.<\/p>",
                                "align": "center"
                            },
                            "elements": [],
                            "isInner": false,
                            "widgetType": "text-editor",
                            "elType": "widget"
                        },
                        {
                            "id": "16422888",
                            "settings": {
                                "structure": "40"
                            },
                            "elements": [
                                {
                                    "id": "64c5b859",
                                    "settings": {
                                        "_column_size": 25,
                                        "_inline_size": null,
                                        "padding": {
                                            "unit": "em",
                                            "top": "1",
                                            "right": "1",
                                            "bottom": "1",
                                            "left": "1",
                                            "isLinked": true
                                        },
                                        "padding_tablet": {
                                            "unit": "em",
                                            "top": "",
                                            "right": "",
                                            "bottom": "",
                                            "left": "",
                                            "isLinked": true
                                        },
                                        "padding_mobile": {
                                            "unit": "em",
                                            "top": "",
                                            "right": "",
                                            "bottom": "",
                                            "left": "",
                                            "isLinked": true
                                        },
                                        "_inline_size_tablet": 50
                                    },
                                    "elements": [
                                        {
                                            "id": "236389a1",
                                            "settings": {
                                                "image": {
                                                    "url": "https:\/\/yrkit.rometheme.pro\/inet\/wp-content\/uploads\/sites\/33\/2022\/09\/t6.jpg",
                                                    "id": 169,
                                                    "alt": "",
                                                    "source": "library"
                                                },
                                                "thumbnail_custom_dimension": {
                                                    "width": "400",
                                                    "height": "500"
                                                },
                                                "title_text": "Jeremy Doel",
                                                "description_text": "Manager Direction",
                                                "title_size": "h4",
                                                "image_space": {
                                                    "unit": "px",
                                                    "size": 0,
                                                    "sizes": []
                                                },
                                                "image_size": {
                                                    "unit": "%",
                                                    "size": 100,
                                                    "sizes": []
                                                },
                                                "title_bottom_space": {
                                                    "unit": "px",
                                                    "size": 3,
                                                    "sizes": []
                                                },
                                                "__globals__": {
                                                    "title_color": "",
                                                    "description_color": "globals\/colors?id=text"
                                                }
                                            },
                                            "elements": [],
                                            "isInner": false,
                                            "widgetType": "image-box",
                                            "elType": "widget"
                                        },
                                        {
                                            "id": "1b6a8344",
                                            "settings": {
                                                "social_icon_list": [
                                                    {
                                                        "social_icon": {
                                                            "value": "fab fa-facebook",
                                                            "library": "fa-brands"
                                                        },
                                                        "_id": "4db8438"
                                                    },
                                                    {
                                                        "social_icon": {
                                                            "value": "fab fa-twitter",
                                                            "library": "fa-brands"
                                                        },
                                                        "_id": "451531d"
                                                    },
                                                    {
                                                        "social_icon": {
                                                            "value": "fab fa-youtube",
                                                            "library": "fa-brands"
                                                        },
                                                        "_id": "43552c9"
                                                    }
                                                ],
                                                "shape": "circle",
                                                "icon_color": "custom",
                                                "icon_size": {
                                                    "unit": "px",
                                                    "size": 16,
                                                    "sizes": []
                                                },
                                                "hover_animation": "float",
                                                "__globals__": {
                                                    "icon_primary_color": "globals\/colors?id=primary",
                                                    "icon_secondary_color": "globals\/colors?id=4407811",
                                                    "hover_primary_color": "globals\/colors?id=eb6d8e9"
                                                }
                                            },
                                            "elements": [],
                                            "isInner": false,
                                            "widgetType": "social-icons",
                                            "elType": "widget"
                                        }
                                    ],
                                    "isInner": true,
                                    "elType": "column"
                                },
                                {
                                    "id": "3ed1e496",
                                    "settings": {
                                        "_column_size": 25,
                                        "_inline_size": null,
                                        "padding": {
                                            "unit": "em",
                                            "top": "1",
                                            "right": "1",
                                            "bottom": "1",
                                            "left": "1",
                                            "isLinked": true
                                        },
                                        "padding_tablet": {
                                            "unit": "em",
                                            "top": "",
                                            "right": "",
                                            "bottom": "",
                                            "left": "",
                                            "isLinked": true
                                        },
                                        "padding_mobile": {
                                            "unit": "em",
                                            "top": "",
                                            "right": "",
                                            "bottom": "",
                                            "left": "",
                                            "isLinked": true
                                        },
                                        "_inline_size_tablet": 50
                                    },
                                    "elements": [
                                        {
                                            "id": "757b4614",
                                            "settings": {
                                                "image": {
                                                    "url": "https:\/\/yrkit.rometheme.pro\/inet\/wp-content\/uploads\/sites\/33\/2022\/09\/t8.jpg",
                                                    "id": 171,
                                                    "alt": "",
                                                    "source": "library"
                                                },
                                                "thumbnail_custom_dimension": {
                                                    "width": "400",
                                                    "height": "500"
                                                },
                                                "title_text": "Bobby Doel",
                                                "description_text": "Technical Fiber",
                                                "title_size": "h4",
                                                "image_space": {
                                                    "unit": "px",
                                                    "size": 0,
                                                    "sizes": []
                                                },
                                                "image_size": {
                                                    "unit": "%",
                                                    "size": 100,
                                                    "sizes": []
                                                },
                                                "title_bottom_space": {
                                                    "unit": "px",
                                                    "size": 3,
                                                    "sizes": []
                                                },
                                                "__globals__": {
                                                    "title_color": "",
                                                    "description_color": "globals\/colors?id=text"
                                                }
                                            },
                                            "elements": [],
                                            "isInner": false,
                                            "widgetType": "image-box",
                                            "elType": "widget"
                                        },
                                        {
                                            "id": "1eac04e3",
                                            "settings": {
                                                "social_icon_list": [
                                                    {
                                                        "social_icon": {
                                                            "value": "fab fa-facebook",
                                                            "library": "fa-brands"
                                                        },
                                                        "_id": "4db8438"
                                                    },
                                                    {
                                                        "social_icon": {
                                                            "value": "fab fa-twitter",
                                                            "library": "fa-brands"
                                                        },
                                                        "_id": "451531d"
                                                    },
                                                    {
                                                        "social_icon": {
                                                            "value": "fab fa-youtube",
                                                            "library": "fa-brands"
                                                        },
                                                        "_id": "43552c9"
                                                    }
                                                ],
                                                "shape": "circle",
                                                "icon_color": "custom",
                                                "icon_size": {
                                                    "unit": "px",
                                                    "size": 16,
                                                    "sizes": []
                                                },
                                                "hover_animation": "float",
                                                "__globals__": {
                                                    "icon_primary_color": "globals\/colors?id=primary",
                                                    "icon_secondary_color": "globals\/colors?id=4407811",
                                                    "hover_primary_color": "globals\/colors?id=eb6d8e9"
                                                }
                                            },
                                            "elements": [],
                                            "isInner": false,
                                            "widgetType": "social-icons",
                                            "elType": "widget"
                                        }
                                    ],
                                    "isInner": true,
                                    "elType": "column"
                                },
                                {
                                    "id": "68a1e4df",
                                    "settings": {
                                        "_column_size": 25,
                                        "_inline_size": null,
                                        "padding": {
                                            "unit": "em",
                                            "top": "1",
                                            "right": "1",
                                            "bottom": "1",
                                            "left": "1",
                                            "isLinked": true
                                        },
                                        "padding_tablet": {
                                            "unit": "em",
                                            "top": "",
                                            "right": "",
                                            "bottom": "",
                                            "left": "",
                                            "isLinked": true
                                        },
                                        "padding_mobile": {
                                            "unit": "em",
                                            "top": "",
                                            "right": "",
                                            "bottom": "",
                                            "left": "",
                                            "isLinked": true
                                        },
                                        "_inline_size_tablet": 50
                                    },
                                    "elements": [
                                        {
                                            "id": "3e203300",
                                            "settings": {
                                                "image": {
                                                    "url": "https:\/\/yrkit.rometheme.pro\/inet\/wp-content\/uploads\/sites\/33\/2022\/09\/t9.jpg",
                                                    "id": 172,
                                                    "alt": "",
                                                    "source": "library"
                                                },
                                                "thumbnail_custom_dimension": {
                                                    "width": "400",
                                                    "height": "500"
                                                },
                                                "title_text": "Melly Doel",
                                                "description_text": "Marketing Team",
                                                "title_size": "h4",
                                                "image_space": {
                                                    "unit": "px",
                                                    "size": 0,
                                                    "sizes": []
                                                },
                                                "image_size": {
                                                    "unit": "%",
                                                    "size": 100,
                                                    "sizes": []
                                                },
                                                "title_bottom_space": {
                                                    "unit": "px",
                                                    "size": 3,
                                                    "sizes": []
                                                },
                                                "__globals__": {
                                                    "title_color": "",
                                                    "description_color": "globals\/colors?id=text"
                                                }
                                            },
                                            "elements": [],
                                            "isInner": false,
                                            "widgetType": "image-box",
                                            "elType": "widget"
                                        },
                                        {
                                            "id": "46a26e06",
                                            "settings": {
                                                "social_icon_list": [
                                                    {
                                                        "social_icon": {
                                                            "value": "fab fa-facebook",
                                                            "library": "fa-brands"
                                                        },
                                                        "_id": "4db8438"
                                                    },
                                                    {
                                                        "social_icon": {
                                                            "value": "fab fa-twitter",
                                                            "library": "fa-brands"
                                                        },
                                                        "_id": "451531d"
                                                    },
                                                    {
                                                        "social_icon": {
                                                            "value": "fab fa-youtube",
                                                            "library": "fa-brands"
                                                        },
                                                        "_id": "43552c9"
                                                    }
                                                ],
                                                "shape": "circle",
                                                "icon_color": "custom",
                                                "icon_size": {
                                                    "unit": "px",
                                                    "size": 16,
                                                    "sizes": []
                                                },
                                                "hover_animation": "float",
                                                "__globals__": {
                                                    "icon_primary_color": "globals\/colors?id=primary",
                                                    "icon_secondary_color": "globals\/colors?id=4407811",
                                                    "hover_primary_color": "globals\/colors?id=eb6d8e9"
                                                }
                                            },
                                            "elements": [],
                                            "isInner": false,
                                            "widgetType": "social-icons",
                                            "elType": "widget"
                                        }
                                    ],
                                    "isInner": true,
                                    "elType": "column"
                                },
                                {
                                    "id": "4997a41c",
                                    "settings": {
                                        "_column_size": 25,
                                        "_inline_size": null,
                                        "padding": {
                                            "unit": "em",
                                            "top": "1",
                                            "right": "1",
                                            "bottom": "1",
                                            "left": "1",
                                            "isLinked": true
                                        },
                                        "padding_tablet": {
                                            "unit": "em",
                                            "top": "",
                                            "right": "",
                                            "bottom": "",
                                            "left": "",
                                            "isLinked": true
                                        },
                                        "padding_mobile": {
                                            "unit": "em",
                                            "top": "",
                                            "right": "",
                                            "bottom": "",
                                            "left": "",
                                            "isLinked": true
                                        },
                                        "_inline_size_tablet": 50
                                    },
                                    "elements": [
                                        {
                                            "id": "59ea49d4",
                                            "settings": {
                                                "image": {
                                                    "url": "https:\/\/yrkit.rometheme.pro\/inet\/wp-content\/uploads\/sites\/33\/2022\/09\/t7.jpg",
                                                    "id": 170,
                                                    "alt": "",
                                                    "source": "library"
                                                },
                                                "thumbnail_custom_dimension": {
                                                    "width": "400",
                                                    "height": "500"
                                                },
                                                "title_text": "Hellena Doel",
                                                "description_text": "Executive Product",
                                                "title_size": "h4",
                                                "image_space": {
                                                    "unit": "px",
                                                    "size": 0,
                                                    "sizes": []
                                                },
                                                "image_size": {
                                                    "unit": "%",
                                                    "size": 100,
                                                    "sizes": []
                                                },
                                                "title_bottom_space": {
                                                    "unit": "px",
                                                    "size": 3,
                                                    "sizes": []
                                                },
                                                "__globals__": {
                                                    "title_color": "",
                                                    "description_color": "globals\/colors?id=text"
                                                }
                                            },
                                            "elements": [],
                                            "isInner": false,
                                            "widgetType": "image-box",
                                            "elType": "widget"
                                        },
                                        {
                                            "id": "4b30ae9c",
                                            "settings": {
                                                "social_icon_list": [
                                                    {
                                                        "social_icon": {
                                                            "value": "fab fa-facebook",
                                                            "library": "fa-brands"
                                                        },
                                                        "_id": "4db8438"
                                                    },
                                                    {
                                                        "social_icon": {
                                                            "value": "fab fa-twitter",
                                                            "library": "fa-brands"
                                                        },
                                                        "_id": "451531d"
                                                    },
                                                    {
                                                        "social_icon": {
                                                            "value": "fab fa-youtube",
                                                            "library": "fa-brands"
                                                        },
                                                        "_id": "43552c9"
                                                    }
                                                ],
                                                "shape": "circle",
                                                "icon_color": "custom",
                                                "icon_size": {
                                                    "unit": "px",
                                                    "size": 16,
                                                    "sizes": []
                                                },
                                                "hover_animation": "float",
                                                "__globals__": {
                                                    "icon_primary_color": "globals\/colors?id=primary",
                                                    "icon_secondary_color": "globals\/colors?id=4407811",
                                                    "hover_primary_color": "globals\/colors?id=eb6d8e9"
                                                }
                                            },
                                            "elements": [],
                                            "isInner": false,
                                            "widgetType": "social-icons",
                                            "elType": "widget"
                                        }
                                    ],
                                    "isInner": true,
                                    "elType": "column"
                                }
                            ],
                            "isInner": true,
                            "elType": "section"
                        },
                        {
                            "id": "339cbef9",
                            "settings": {
                                "structure": "40"
                            },
                            "elements": [
                                {
                                    "id": "56cc5c23",
                                    "settings": {
                                        "_column_size": 25,
                                        "_inline_size": null,
                                        "padding": {
                                            "unit": "em",
                                            "top": "1",
                                            "right": "1",
                                            "bottom": "1",
                                            "left": "1",
                                            "isLinked": true
                                        },
                                        "padding_tablet": {
                                            "unit": "em",
                                            "top": "",
                                            "right": "",
                                            "bottom": "",
                                            "left": "",
                                            "isLinked": true
                                        },
                                        "padding_mobile": {
                                            "unit": "em",
                                            "top": "",
                                            "right": "",
                                            "bottom": "",
                                            "left": "",
                                            "isLinked": true
                                        },
                                        "_inline_size_tablet": 50
                                    },
                                    "elements": [
                                        {
                                            "id": "663becb6",
                                            "settings": {
                                                "image": {
                                                    "url": "https:\/\/yrkit.rometheme.pro\/inet\/wp-content\/uploads\/sites\/33\/2022\/09\/t4.jpg",
                                                    "id": 168,
                                                    "alt": "",
                                                    "source": "library"
                                                },
                                                "thumbnail_custom_dimension": {
                                                    "width": "400",
                                                    "height": "500"
                                                },
                                                "title_text": "Jessy Doel",
                                                "description_text": "Manager Direction",
                                                "title_size": "h4",
                                                "image_space": {
                                                    "unit": "px",
                                                    "size": 0,
                                                    "sizes": []
                                                },
                                                "image_size": {
                                                    "unit": "%",
                                                    "size": 100,
                                                    "sizes": []
                                                },
                                                "title_bottom_space": {
                                                    "unit": "px",
                                                    "size": 3,
                                                    "sizes": []
                                                },
                                                "__globals__": {
                                                    "title_color": "",
                                                    "description_color": "globals\/colors?id=text"
                                                }
                                            },
                                            "elements": [],
                                            "isInner": false,
                                            "widgetType": "image-box",
                                            "elType": "widget"
                                        },
                                        {
                                            "id": "7e301663",
                                            "settings": {
                                                "social_icon_list": [
                                                    {
                                                        "social_icon": {
                                                            "value": "fab fa-facebook",
                                                            "library": "fa-brands"
                                                        },
                                                        "_id": "4db8438"
                                                    },
                                                    {
                                                        "social_icon": {
                                                            "value": "fab fa-twitter",
                                                            "library": "fa-brands"
                                                        },
                                                        "_id": "451531d"
                                                    },
                                                    {
                                                        "social_icon": {
                                                            "value": "fab fa-youtube",
                                                            "library": "fa-brands"
                                                        },
                                                        "_id": "43552c9"
                                                    }
                                                ],
                                                "shape": "circle",
                                                "icon_color": "custom",
                                                "icon_size": {
                                                    "unit": "px",
                                                    "size": 16,
                                                    "sizes": []
                                                },
                                                "hover_animation": "float",
                                                "__globals__": {
                                                    "icon_primary_color": "globals\/colors?id=primary",
                                                    "icon_secondary_color": "globals\/colors?id=4407811",
                                                    "hover_primary_color": "globals\/colors?id=eb6d8e9"
                                                }
                                            },
                                            "elements": [],
                                            "isInner": false,
                                            "widgetType": "social-icons",
                                            "elType": "widget"
                                        }
                                    ],
                                    "isInner": true,
                                    "elType": "column"
                                },
                                {
                                    "id": "529a347f",
                                    "settings": {
                                        "_column_size": 25,
                                        "_inline_size": null,
                                        "padding": {
                                            "unit": "em",
                                            "top": "1",
                                            "right": "1",
                                            "bottom": "1",
                                            "left": "1",
                                            "isLinked": true
                                        },
                                        "padding_tablet": {
                                            "unit": "em",
                                            "top": "",
                                            "right": "",
                                            "bottom": "",
                                            "left": "",
                                            "isLinked": true
                                        },
                                        "padding_mobile": {
                                            "unit": "em",
                                            "top": "",
                                            "right": "",
                                            "bottom": "",
                                            "left": "",
                                            "isLinked": true
                                        },
                                        "_inline_size_tablet": 50
                                    },
                                    "elements": [
                                        {
                                            "id": "111e427",
                                            "settings": {
                                                "image": {
                                                    "url": "https:\/\/yrkit.rometheme.pro\/inet\/wp-content\/uploads\/sites\/33\/2022\/09\/t5.jpg",
                                                    "id": 167,
                                                    "alt": "",
                                                    "source": "library"
                                                },
                                                "thumbnail_custom_dimension": {
                                                    "width": "400",
                                                    "height": "500"
                                                },
                                                "title_text": "Amithan Doel",
                                                "description_text": "Technical Fiber",
                                                "title_size": "h4",
                                                "image_space": {
                                                    "unit": "px",
                                                    "size": 0,
                                                    "sizes": []
                                                },
                                                "image_size": {
                                                    "unit": "%",
                                                    "size": 100,
                                                    "sizes": []
                                                },
                                                "title_bottom_space": {
                                                    "unit": "px",
                                                    "size": 3,
                                                    "sizes": []
                                                },
                                                "__globals__": {
                                                    "title_color": "",
                                                    "description_color": "globals\/colors?id=text"
                                                }
                                            },
                                            "elements": [],
                                            "isInner": false,
                                            "widgetType": "image-box",
                                            "elType": "widget"
                                        },
                                        {
                                            "id": "1862d46e",
                                            "settings": {
                                                "social_icon_list": [
                                                    {
                                                        "social_icon": {
                                                            "value": "fab fa-facebook",
                                                            "library": "fa-brands"
                                                        },
                                                        "_id": "4db8438"
                                                    },
                                                    {
                                                        "social_icon": {
                                                            "value": "fab fa-twitter",
                                                            "library": "fa-brands"
                                                        },
                                                        "_id": "451531d"
                                                    },
                                                    {
                                                        "social_icon": {
                                                            "value": "fab fa-youtube",
                                                            "library": "fa-brands"
                                                        },
                                                        "_id": "43552c9"
                                                    }
                                                ],
                                                "shape": "circle",
                                                "icon_color": "custom",
                                                "icon_size": {
                                                    "unit": "px",
                                                    "size": 16,
                                                    "sizes": []
                                                },
                                                "hover_animation": "float",
                                                "__globals__": {
                                                    "icon_primary_color": "globals\/colors?id=primary",
                                                    "icon_secondary_color": "globals\/colors?id=4407811",
                                                    "hover_primary_color": "globals\/colors?id=eb6d8e9"
                                                }
                                            },
                                            "elements": [],
                                            "isInner": false,
                                            "widgetType": "social-icons",
                                            "elType": "widget"
                                        }
                                    ],
                                    "isInner": true,
                                    "elType": "column"
                                },
                                {
                                    "id": "7e48e66c",
                                    "settings": {
                                        "_column_size": 25,
                                        "_inline_size": null,
                                        "padding": {
                                            "unit": "em",
                                            "top": "1",
                                            "right": "1",
                                            "bottom": "1",
                                            "left": "1",
                                            "isLinked": true
                                        },
                                        "padding_tablet": {
                                            "unit": "em",
                                            "top": "",
                                            "right": "",
                                            "bottom": "",
                                            "left": "",
                                            "isLinked": true
                                        },
                                        "padding_mobile": {
                                            "unit": "em",
                                            "top": "",
                                            "right": "",
                                            "bottom": "",
                                            "left": "",
                                            "isLinked": true
                                        },
                                        "_inline_size_tablet": 50
                                    },
                                    "elements": [
                                        {
                                            "id": "72e503c3",
                                            "settings": {
                                                "image": {
                                                    "url": "https:\/\/yrkit.rometheme.pro\/inet\/wp-content\/uploads\/sites\/33\/2022\/09\/t6.jpg",
                                                    "id": 169,
                                                    "alt": "",
                                                    "source": "library"
                                                },
                                                "thumbnail_custom_dimension": {
                                                    "width": "400",
                                                    "height": "500"
                                                },
                                                "title_text": "Jackson Doel",
                                                "description_text": "Marketing Team",
                                                "title_size": "h4",
                                                "image_space": {
                                                    "unit": "px",
                                                    "size": 0,
                                                    "sizes": []
                                                },
                                                "image_size": {
                                                    "unit": "%",
                                                    "size": 100,
                                                    "sizes": []
                                                },
                                                "title_bottom_space": {
                                                    "unit": "px",
                                                    "size": 3,
                                                    "sizes": []
                                                },
                                                "__globals__": {
                                                    "title_color": "",
                                                    "description_color": "globals\/colors?id=text"
                                                }
                                            },
                                            "elements": [],
                                            "isInner": false,
                                            "widgetType": "image-box",
                                            "elType": "widget"
                                        },
                                        {
                                            "id": "7b6ed6be",
                                            "settings": {
                                                "social_icon_list": [
                                                    {
                                                        "social_icon": {
                                                            "value": "fab fa-facebook",
                                                            "library": "fa-brands"
                                                        },
                                                        "_id": "4db8438"
                                                    },
                                                    {
                                                        "social_icon": {
                                                            "value": "fab fa-twitter",
                                                            "library": "fa-brands"
                                                        },
                                                        "_id": "451531d"
                                                    },
                                                    {
                                                        "social_icon": {
                                                            "value": "fab fa-youtube",
                                                            "library": "fa-brands"
                                                        },
                                                        "_id": "43552c9"
                                                    }
                                                ],
                                                "shape": "circle",
                                                "icon_color": "custom",
                                                "icon_size": {
                                                    "unit": "px",
                                                    "size": 16,
                                                    "sizes": []
                                                },
                                                "hover_animation": "float",
                                                "__globals__": {
                                                    "icon_primary_color": "globals\/colors?id=primary",
                                                    "icon_secondary_color": "globals\/colors?id=4407811",
                                                    "hover_primary_color": "globals\/colors?id=eb6d8e9"
                                                }
                                            },
                                            "elements": [],
                                            "isInner": false,
                                            "widgetType": "social-icons",
                                            "elType": "widget"
                                        }
                                    ],
                                    "isInner": true,
                                    "elType": "column"
                                },
                                {
                                    "id": "4847ed72",
                                    "settings": {
                                        "_column_size": 25,
                                        "_inline_size": null,
                                        "padding": {
                                            "unit": "em",
                                            "top": "1",
                                            "right": "1",
                                            "bottom": "1",
                                            "left": "1",
                                            "isLinked": true
                                        },
                                        "padding_tablet": {
                                            "unit": "em",
                                            "top": "",
                                            "right": "",
                                            "bottom": "",
                                            "left": "",
                                            "isLinked": true
                                        },
                                        "padding_mobile": {
                                            "unit": "em",
                                            "top": "",
                                            "right": "",
                                            "bottom": "",
                                            "left": "",
                                            "isLinked": true
                                        },
                                        "_inline_size_tablet": 50
                                    },
                                    "elements": [
                                        {
                                            "id": "1946f0d3",
                                            "settings": {
                                                "image": {
                                                    "url": "https:\/\/yrkit.rometheme.pro\/inet\/wp-content\/uploads\/sites\/33\/2022\/09\/t8.jpg",
                                                    "id": 171,
                                                    "alt": "",
                                                    "source": "library"
                                                },
                                                "thumbnail_custom_dimension": {
                                                    "width": "400",
                                                    "height": "500"
                                                },
                                                "title_text": "Tom  Doel",
                                                "description_text": "Executive Product",
                                                "title_size": "h4",
                                                "image_space": {
                                                    "unit": "px",
                                                    "size": 0,
                                                    "sizes": []
                                                },
                                                "image_size": {
                                                    "unit": "%",
                                                    "size": 100,
                                                    "sizes": []
                                                },
                                                "title_bottom_space": {
                                                    "unit": "px",
                                                    "size": 3,
                                                    "sizes": []
                                                },
                                                "__globals__": {
                                                    "title_color": "",
                                                    "description_color": "globals\/colors?id=text"
                                                }
                                            },
                                            "elements": [],
                                            "isInner": false,
                                            "widgetType": "image-box",
                                            "elType": "widget"
                                        },
                                        {
                                            "id": "6d021511",
                                            "settings": {
                                                "social_icon_list": [
                                                    {
                                                        "social_icon": {
                                                            "value": "fab fa-facebook",
                                                            "library": "fa-brands"
                                                        },
                                                        "_id": "4db8438"
                                                    },
                                                    {
                                                        "social_icon": {
                                                            "value": "fab fa-twitter",
                                                            "library": "fa-brands"
                                                        },
                                                        "_id": "451531d"
                                                    },
                                                    {
                                                        "social_icon": {
                                                            "value": "fab fa-youtube",
                                                            "library": "fa-brands"
                                                        },
                                                        "_id": "43552c9"
                                                    }
                                                ],
                                                "shape": "circle",
                                                "icon_color": "custom",
                                                "icon_size": {
                                                    "unit": "px",
                                                    "size": 16,
                                                    "sizes": []
                                                },
                                                "hover_animation": "float",
                                                "__globals__": {
                                                    "icon_primary_color": "globals\/colors?id=primary",
                                                    "icon_secondary_color": "globals\/colors?id=4407811",
                                                    "hover_primary_color": "globals\/colors?id=eb6d8e9"
                                                }
                                            },
                                            "elements": [],
                                            "isInner": false,
                                            "widgetType": "social-icons",
                                            "elType": "widget"
                                        }
                                    ],
                                    "isInner": true,
                                    "elType": "column"
                                }
                            ],
                            "isInner": true,
                            "elType": "section"
                        }
                    ],
                    "isInner": false,
                    "elType": "column"
                }
            ],
            "isInner": false,
            "elType": "section"
        },
        {
            "id": "6dea4fa8",
            "settings": {
                "structure": "20",
                "padding": {
                    "unit": "em",
                    "top": "6",
                    "right": "1",
                    "bottom": "6",
                    "left": "1",
                    "isLinked": false
                },
                "padding_tablet": {
                    "unit": "em",
                    "top": "",
                    "right": "",
                    "bottom": "",
                    "left": "",
                    "isLinked": true
                },
                "padding_mobile": {
                    "unit": "em",
                    "top": "",
                    "right": "",
                    "bottom": "",
                    "left": "",
                    "isLinked": true
                },
                "background_background": "classic",
                "__globals__": {
                    "background_color": "globals\/colors?id=primary"
                },
                "_title": "CTA 2 Section"
            },
            "elements": [
                {
                    "id": "20b23863",
                    "settings": {
                        "_column_size": 50,
                        "_inline_size": null,
                        "padding": {
                            "unit": "em",
                            "top": "1",
                            "right": "1",
                            "bottom": "1",
                            "left": "1",
                            "isLinked": true
                        },
                        "padding_tablet": {
                            "unit": "em",
                            "top": "",
                            "right": "",
                            "bottom": "",
                            "left": "",
                            "isLinked": true
                        },
                        "padding_mobile": {
                            "unit": "em",
                            "top": "",
                            "right": "",
                            "bottom": "",
                            "left": "",
                            "isLinked": true
                        },
                        "_inline_size_tablet": 100
                    },
                    "elements": [
                        {
                            "id": "7e257c23",
                            "settings": {
                                "image": {
                                    "url": "https:\/\/yrkit.rometheme.pro\/inet\/wp-content\/uploads\/sites\/33\/2022\/09\/s5.jpg",
                                    "id": 22,
                                    "alt": "",
                                    "source": "library"
                                },
                                "_element_width": "initial",
                                "_element_custom_width": {
                                    "unit": "%",
                                    "size": 81.036
                                },
                                "_position": "absolute",
                                "_offset_x": {
                                    "size": 57,
                                    "unit": "px"
                                },
                                "_offset_y": {
                                    "size": 37,
                                    "unit": "px"
                                },
                                "_element_width_mobile": "initial",
                                "_element_custom_width_mobile": {
                                    "unit": "px",
                                    "size": 233.016
                                },
                                "_offset_x_tablet": {
                                    "size": 61,
                                    "unit": "px"
                                },
                                "_offset_x_mobile": {
                                    "size": 36,
                                    "unit": "px"
                                },
                                "_offset_y_tablet": {
                                    "size": 42,
                                    "unit": "px"
                                },
                                "_offset_y_mobile": {
                                    "size": 27,
                                    "unit": "px"
                                }
                            },
                            "elements": [],
                            "isInner": false,
                            "widgetType": "image",
                            "elType": "widget"
                        },
                        {
                            "id": "215a875",
                            "settings": {
                                "image": {
                                    "url": "https:\/\/yrkit.rometheme.pro\/inet\/wp-content\/uploads\/sites\/33\/2022\/09\/TV.png",
                                    "id": 183,
                                    "alt": "",
                                    "source": "library"
                                },
                                "image_size": "full",
                                "image_custom_dimension": {
                                    "width": "300",
                                    "height": "400"
                                },
                                "align": "left",
                                "image_border_width": {
                                    "unit": "px",
                                    "top": "10",
                                    "right": "10",
                                    "bottom": "10",
                                    "left": "10",
                                    "isLinked": true
                                },
                                "_offset_x": {
                                    "size": 16,
                                    "unit": "px"
                                },
                                "_offset_y": {
                                    "size": 94,
                                    "unit": "px"
                                },
                                "__globals__": {
                                    "image_border_color": "globals\/colors?id=4407811"
                                }
                            },
                            "elements": [],
                            "isInner": false,
                            "widgetType": "image",
                            "elType": "widget"
                        },
                        {
                            "id": "36dd132",
                            "settings": {
                                "image": {
                                    "url": "https:\/\/yrkit.rometheme.pro\/inet\/wp-content\/uploads\/sites\/33\/2022\/09\/modem.png",
                                    "id": 181,
                                    "alt": "",
                                    "source": "library"
                                },
                                "image_size": "custom",
                                "image_custom_dimension": {
                                    "width": "600",
                                    "height": "500"
                                },
                                "_element_width": "initial",
                                "_element_custom_width": {
                                    "unit": "%",
                                    "size": 28.69
                                },
                                "_position": "absolute",
                                "_offset_x": {
                                    "size": 414,
                                    "unit": "px"
                                },
                                "_offset_y": {
                                    "size": 282,
                                    "unit": "px"
                                },
                                "_offset_x_tablet": {
                                    "size": 437,
                                    "unit": "px"
                                },
                                "_offset_x_mobile": {
                                    "size": 186,
                                    "unit": "px"
                                },
                                "_offset_y_tablet": {
                                    "size": 305,
                                    "unit": "px"
                                },
                                "_offset_y_mobile": {
                                    "size": 130,
                                    "unit": "px"
                                }
                            },
                            "elements": [],
                            "isInner": false,
                            "widgetType": "image",
                            "elType": "widget"
                        },
                        {
                            "id": "6e480568",
                            "settings": {
                                "image": {
                                    "url": "https:\/\/yrkit.rometheme.pro\/inet\/wp-content\/uploads\/sites\/33\/2022\/09\/remote.png",
                                    "id": 182,
                                    "alt": "",
                                    "source": "library"
                                },
                                "image_size": "custom",
                                "image_custom_dimension": {
                                    "width": "100",
                                    "height": "400"
                                },
                                "_element_width": "initial",
                                "_element_custom_width": {
                                    "unit": "%",
                                    "size": 7.28
                                },
                                "_position": "absolute",
                                "_offset_x": {
                                    "size": 581,
                                    "unit": "px"
                                },
                                "_offset_y": {
                                    "size": 284,
                                    "unit": "px"
                                },
                                "_offset_x_tablet": {
                                    "size": 624,
                                    "unit": "px"
                                },
                                "_offset_x_mobile": {
                                    "size": 262,
                                    "unit": "px"
                                },
                                "_offset_y_tablet": {
                                    "size": 298,
                                    "unit": "px"
                                },
                                "_offset_y_mobile": {
                                    "size": 127,
                                    "unit": "px"
                                }
                            },
                            "elements": [],
                            "isInner": false,
                            "widgetType": "image",
                            "elType": "widget"
                        },
                        {
                            "id": "45a7ba0c",
                            "settings": {
                                "starting_number": 10,
                                "ending_number": 30,
                                "suffix": "%",
                                "title": "Off",
                                "_padding": {
                                    "unit": "em",
                                    "top": "2",
                                    "right": "2",
                                    "bottom": "2",
                                    "left": "2",
                                    "isLinked": true
                                },
                                "_padding_tablet": {
                                    "unit": "em",
                                    "top": "",
                                    "right": "",
                                    "bottom": "",
                                    "left": "",
                                    "isLinked": true
                                },
                                "_padding_mobile": {
                                    "unit": "em",
                                    "top": "",
                                    "right": "",
                                    "bottom": "",
                                    "left": "",
                                    "isLinked": true
                                },
                                "_element_width": "auto",
                                "_position": "absolute",
                                "_offset_x": {
                                    "size": -9,
                                    "unit": "px"
                                },
                                "_offset_y": {
                                    "size": -21,
                                    "unit": "px"
                                },
                                "_background_background": "classic",
                                "_border_width": {
                                    "unit": "px",
                                    "top": "1",
                                    "right": "1",
                                    "bottom": "1",
                                    "left": "1",
                                    "isLinked": true
                                },
                                "_border_radius": {
                                    "unit": "px",
                                    "top": "100",
                                    "right": "100",
                                    "bottom": "0",
                                    "left": "100",
                                    "isLinked": false
                                },
                                "__globals__": {
                                    "_background_color": "globals\/colors?id=eb6d8e9",
                                    "number_color": "globals\/colors?id=4407811",
                                    "title_color": "globals\/colors?id=4407811",
                                    "typography_number_typography": "globals\/typography?id=8421a33",
                                    "typography_title_typography": "globals\/typography?id=66cf9be",
                                    "_border_color": "globals\/colors?id=4407811"
                                },
                                "_offset_x_mobile": {
                                    "size": 1,
                                    "unit": "px"
                                },
                                "_offset_y_mobile": {
                                    "size": -57,
                                    "unit": "px"
                                }
                            },
                            "elements": [],
                            "isInner": false,
                            "widgetType": "counter",
                            "elType": "widget"
                        }
                    ],
                    "isInner": false,
                    "elType": "column"
                },
                {
                    "id": "78eca986",
                    "settings": {
                        "_column_size": 50,
                        "_inline_size": null,
                        "padding": {
                            "unit": "em",
                            "top": "1",
                            "right": "1",
                            "bottom": "1",
                            "left": "1",
                            "isLinked": true
                        },
                        "padding_tablet": {
                            "unit": "em",
                            "top": "",
                            "right": "",
                            "bottom": "",
                            "left": "",
                            "isLinked": true
                        },
                        "padding_mobile": {
                            "unit": "em",
                            "top": "",
                            "right": "",
                            "bottom": "",
                            "left": "",
                            "isLinked": true
                        },
                        "_inline_size_tablet": 100
                    },
                    "elements": [
                        {
                            "id": "2bb9d82",
                            "settings": {
                                "icon_list": [
                                    {
                                        "text": "Showing on TV",
                                        "selected_icon": {
                                            "value": "fas fa-wifi",
                                            "library": "fa-solid"
                                        },
                                        "_id": "5f464dd"
                                    }
                                ],
                                "icon_align": "left",
                                "icon_size": {
                                    "unit": "px",
                                    "size": 24,
                                    "sizes": []
                                },
                                "text_indent": {
                                    "unit": "px",
                                    "size": 15,
                                    "sizes": []
                                },
                                "__globals__": {
                                    "icon_color": "globals\/colors?id=4407811",
                                    "text_color": "globals\/colors?id=4407811",
                                    "icon_typography_typography": "globals\/typography?id=8421a33"
                                }
                            },
                            "elements": [],
                            "isInner": false,
                            "widgetType": "icon-list",
                            "elType": "widget"
                        },
                        {
                            "id": "361ce50a",
                            "settings": {
                                "title": "Enjoy Now Over 150+ TV<br>Channel Programs",
                                "__globals__": {
                                    "title_color": ""
                                },
                                "header_size": "h3"
                            },
                            "elements": [],
                            "isInner": false,
                            "widgetType": "heading",
                            "elType": "widget"
                        },
                        {
                            "id": "67cb6611",
                            "settings": {
                                "editor": "<p>Lorem ipsum dolor sit amet, consectetur adipiscing elit, sed do eiusmod tempor incididunt ut labore et dolore magna aliqua. Ut enim ad minim veniam, quis nostrud exercitation ullamco laboris nisi ut aliquip ex ea commodo consequat.\u00a0<\/p>",
                                "__globals__": {
                                    "text_color": "globals\/colors?id=d1579c8"
                                }
                            },
                            "elements": [],
                            "isInner": false,
                            "widgetType": "text-editor",
                            "elType": "widget"
                        },
                        {
                            "id": "e10ce47",
                            "settings": {
                                "title": "from $29.99 \/ month",
                                "align": "left",
                                "__globals__": {
                                    "title_color": "globals\/colors?id=4407811",
                                    "typography_typography": ""
                                },
                                "_padding": {
                                    "unit": "em",
                                    "top": "0",
                                    "right": "1",
                                    "bottom": "0",
                                    "left": "0",
                                    "isLinked": false
                                },
                                "_padding_tablet": {
                                    "unit": "em",
                                    "top": "",
                                    "right": "",
                                    "bottom": "",
                                    "left": "",
                                    "isLinked": true
                                },
                                "_padding_mobile": {
                                    "unit": "em",
                                    "top": "",
                                    "right": "",
                                    "bottom": "",
                                    "left": "",
                                    "isLinked": true
                                },
                                "header_size": "h4",
                                "title_color": "#F47C20",
                                "typography_font_family": "Gothic A1",
                                "typography_font_size": {
                                    "unit": "rem",
                                    "size": 1,
                                    "sizes": []
                                },
                                "typography_font_weight": "700",
                                "typography_text_transform": "capitalize",
                                "typography_line_height": {
                                    "unit": "em",
                                    "size": 1.2,
                                    "sizes": []
                                },
                                "typography_word_spacing": {
                                    "unit": "em",
                                    "size": "",
                                    "sizes": []
                                },
                                "align_mobile": "center"
                            },
                            "elements": [],
                            "isInner": false,
                            "widgetType": "heading",
                            "elType": "widget"
                        },
                        {
                            "id": "1aed34cb",
                            "settings": {
                                "selected_icon": {
                                    "value": "fas fa-phone-volume",
                                    "library": "fa-solid"
                                },
                                "view": "stacked",
                                "title_text": "+123-234-1234",
                                "description_text": "Call Us Today",
                                "position": "left",
                                "title_size": "h4",
                                "icon_size": {
                                    "unit": "px",
                                    "size": 26,
                                    "sizes": []
                                },
                                "content_vertical_alignment": "middle",
                                "title_bottom_space": {
                                    "unit": "px",
                                    "size": 0,
                                    "sizes": []
                                },
                                "title_color": "#111111",
                                "__globals__": {
                                    "title_color": "globals\/colors?id=d1579c8",
                                    "title_typography_typography": "globals\/typography?id=66cf9be",
                                    "description_color": "globals\/colors?id=4407811",
                                    "primary_color": "globals\/colors?id=eb6d8e9",
                                    "hover_secondary_color": "globals\/colors?id=4407811"
                                }
                            },
                            "elements": [],
                            "isInner": false,
                            "widgetType": "icon-box",
                            "elType": "widget"
                        }
                    ],
                    "isInner": false,
                    "elType": "column"
                }
            ],
            "isInner": false,
            "elType": "section"
        }
    ]
}